TRANSACTION_ID,ACCOUNT_ID,TRANSACTION_DATE,TRANSACTION_TYPE,TRANSACTION_AMOUNT,CHANNEL,MERCHANT_CATEGORY,DESCRIPTION,POST_DATE,CURRENCY_CODE
T000000001,A00000004,31JAN2024,REF,1804.93,WIRE,4900,REF MOBILE REF714480,31JAN2024,USD
T000000002,A00000004,31JAN2024,CHG,12.00,WIRE,5912,CHG POS REF624164,31JAN2024,USD
T000000003,A00000004,31JAN2024,CHG,25.00,BRANCH,7011,CHG ACH REF252284,31JAN2024,USD
T000000004,A00000004,31JAN2024,FEE,25.00,MOBILE,5912,FEE ACH REF937507,31JAN2024,USD
T000000005,A00000004,31JAN2024,PMT,1181.39,POS,5912,PMT BRANCH REF912872,31JAN2024,USD
T000000006,A00000004,31JAN2024,CHG,9.95,ACH,5812,CHG ATM REF610525,31JAN2024,USD
T000000007,A00000005,31JAN2024,INT,93.14,BRANCH,5912,INT BRANCH REF805512,31JAN2024,USD
T000000008,A00000005,31JAN2024,FEE,35.00,ONLINE,7011,FEE ONLINE REF590257,31JAN2024,USD
T000000009,A00000005,31JAN2024,FEE,3.00,WIRE,5541,FEE ATM REF114956,31JAN2024,USD
T000000010,A00000005,31JAN2024,PMT,711.05,ACH,5812,PMT ACH REF458111,31JAN2024,USD
T000000011,A00000005,31JAN2024,PMT,626.80,BRANCH,5541,PMT BRANCH REF553524,31JAN2024,USD
T000000012,A00000005,31JAN2024,PMT,688.99,MOBILE,7011,PMT WIRE REF397082,31JAN2024,USD
T000000013,A00000008,31JAN2024,INT,145.90,POS,5812,INT WIRE REF256179,31JAN2024,USD
T000000014,A00000008,31JAN2024,PMT,1629.00,ATM,0000,PMT WIRE REF708145,31JAN2024,USD
T000000015,A00000008,31JAN2024,WDR,2700.45,WIRE,5812,INT ACH REF856473,31JAN2024,USD
T000000016,A00000009,31JAN2024,TRF,305.22,MOBILE,5411,TRF ACH REF280271,31JAN2024,USD
T000000017,A00000010,31JAN2024,PMT,1904.99,POS,5812,PMT ACH REF794467,31JAN2024,USD
T000000018,A00000010,31JAN2024,PMT,1126.82,WIRE,6011,PMT ONLINE REF827225,31JAN2024,USD
T000000019,A00000010,31JAN2024,CHG,3.00,POS,5541,CHG ATM REF567784,31JAN2024,USD
T000000020,A00000011,31JAN2024,CHG,9.95,WIRE,6011,CHG POS REF260049,31JAN2024,USD
T000000021,A00000013,31JAN2024,INT,181.71,ONLINE,6011,INT ONLINE REF730581,31JAN2024,USD
T000000022,A00000013,31JAN2024,WDR,247.17,POS,5541,WDR ATM REF291541,31JAN2024,USD
T000000023,A00000015,31JAN2024,WDR,190.97,MOBILE,5541,WDR MOBILE REF299245,31JAN2024,USD
T000000024,A00000016,31JAN2024,FEE,25.00,MOBILE,5541,FEE MOBILE REF435918,31JAN2024,USD
T000000025,A00000018,31JAN2024,TRF,-40.81,WIRE,6011,TRF POS REF941118,31JAN2024,USD
T000000026,A00000020,31JAN2024,WDR,110.39,POS,5812,WDR ATM REF396252,01FEB2024,USD
T000000027,A00000021,31JAN2024,FEE,12.00,BRANCH,5541,FEE BRANCH REF837813,01FEB2024,USD
T000000028,A00000021,31JAN2024,CHG,12.00,ACH,5411,CHG ACH REF713799,31JAN2024,USD
T000000029,A00000021,31JAN2024,PMT,3054.53,ACH,5912,PMT ACH REF880813,31JAN2024,USD
T000000030,A00000022,31JAN2024,DEP,49.36,ONLINE,5541,DEP ACH REF978986,31JAN2024,USD
T000000031,A00000023,31JAN2024,CHG,12.00,BRANCH,5912,CHG ATM REF228810,31JAN2024,USD
T000000032,A00000023,31JAN2024,PMT,1701.30,ATM,5812,PMT ACH REF163434,01FEB2024,USD
T000000033,A00000023,31JAN2024,CHG,9.95,BRANCH,5812,CHG MOBILE REF230588,01FEB2024,USD
T000000034,A00000025,31JAN2024,FEE,35.00,ATM,4900,FEE MOBILE REF875649,31JAN2024,USD
T000000035,A00000025,31JAN2024,DEP,1737.46,POS,5812,DEP ONLINE REF506127,31JAN2024,USD
T000000036,A00000026,31JAN2024,INT,48.67,BRANCH,5912,INT ATM REF767309,31JAN2024,USD
T000000037,A00000027,31JAN2024,WDR,98.33,ATM,5541,WDR ATM REF148296,01FEB2024,USD
T000000038,A00000027,31JAN2024,TRF,-128.98,ATM,7011,TRF ACH REF394642,31JAN2024,USD
T000000039,A00000027,31JAN2024,WDR,526.63,POS,4900,WDR WIRE REF664483,31JAN2024,USD
T000000040,A00000031,31JAN2024,TRF,-408.59,POS,4900,TRF ATM REF662228,01FEB2024,USD
T000000041,A00000031,31JAN2024,DEP,47.29,ATM,6011,DEP ONLINE REF459641,31JAN2024,USD
T000000042,A00000032,31JAN2024,DEP,361.26,MOBILE,5812,DEP WIRE REF957974,31JAN2024,USD
T000000043,A00000032,31JAN2024,DEP,36.96,WIRE,7011,DEP ATM REF886824,31JAN2024,USD
T000000044,A00000033,31JAN2024,CHG,9.95,WIRE,7011,CHG ONLINE REF697369,31JAN2024,USD
T000000045,A00000033,31JAN2024,FEE,3.00,MOBILE,5812,FEE ONLINE REF943064,31JAN2024,USD
T000000046,A00000033,31JAN2024,FEE,12.00,ATM,0000,FEE WIRE REF725264,31JAN2024,USD
T000000047,A00000034,31JAN2024,DEP,7.52,BRANCH,7011,DEP ACH REF371009,31JAN2024,USD
T000000048,A00000034,31JAN2024,WDR,140.44,POS,5912,WDR MOBILE REF857346,31JAN2024,USD
T000000049,A00000034,31JAN2024,DEP,7.15,ONLINE,5541,DEP ATM REF576305,31JAN2024,USD
T000000050,A00000035,31JAN2024,PMT,2089.52,ACH,5812,PMT ATM REF258234,31JAN2024,USD
T000000051,A00000035,31JAN2024,PMT,412.91,BRANCH,5812,PMT BRANCH REF868983,31JAN2024,USD
T000000052,A00000035,31JAN2024,PMT,368.81,BRANCH,4900,PMT WIRE REF847988,31JAN2024,USD
T000000053,A00000036,31JAN2024,REF,2973.37,ACH,4900,REF POS REF334645,31JAN2024,USD
T000000054,A00000037,31JAN2024,DEP,29.21,ACH,5541,DEP MOBILE REF516217,31JAN2024,USD
T000000055,A00000039,31JAN2024,WDR,466.74,ATM,4900,WDR WIRE REF958823,31JAN2024,USD
T000000056,A00000039,31JAN2024,DEP,43.75,POS,7011,DEP ATM REF916181,31JAN2024,USD
T000000057,A00000039,31JAN2024,FEE,12.00,POS,6011,FEE BRANCH REF129720,31JAN2024,USD
T000000058,A00000040,31JAN2024,TRF,7.33,ONLINE,5812,TRF ATM REF669608,31JAN2024,USD
T000000059,A00000040,31JAN2024,WDR,25.24,BRANCH,5541,WDR ACH REF571286,31JAN2024,USD
T000000060,A00000040,31JAN2024,TRF,139.39,ONLINE,7011,TRF ATM REF234199,31JAN2024,USD
T000000061,A00000042,31JAN2024,PMT,1671.81,ATM,5812,PMT MOBILE REF814104,31JAN2024,USD
T000000062,A00000042,31JAN2024,PMT,80.54,ONLINE,0000,PMT ATM REF553127,31JAN2024,USD
T000000063,A00000043,31JAN2024,DEP,43.19,POS,0000,DEP POS REF327100,31JAN2024,USD
T000000064,A00000044,31JAN2024,DEP,17.21,ONLINE,0000,DEP POS REF811231,31JAN2024,USD
T000000065,A00000044,31JAN2024,DEP,2178.42,BRANCH,6011,DEP MOBILE REF199798,31JAN2024,USD
T000000066,A00000046,31JAN2024,DEP,202.14,ACH,5812,DEP WIRE REF314488,31JAN2024,USD
T000000067,A00000047,31JAN2024,CHG,9.95,ACH,5912,CHG MOBILE REF162435,31JAN2024,USD
T000000068,A00000048,31JAN2024,WDR,116.64,ATM,4900,WDR BRANCH REF997533,31JAN2024,USD
T000000069,A00000048,31JAN2024,TRF,-12.28,MOBILE,6011,TRF ACH REF227185,31JAN2024,USD
T000000070,A00000049,31JAN2024,PMT,1933.37,ONLINE,5411,PMT ONLINE REF557602,31JAN2024,USD
T000000071,A00000052,31JAN2024,PMT,1022.72,BRANCH,5912,PMT BRANCH REF341358,31JAN2024,USD
T000000072,A00000052,31JAN2024,CHG,12.00,ONLINE,6011,CHG BRANCH REF557206,31JAN2024,USD
T000000073,A00000052,31JAN2024,PMT,530.29,ONLINE,6011,PMT BRANCH REF571883,31JAN2024,USD
T000000074,A00000053,31JAN2024,INT,58.37,POS,5912,INT WIRE REF838182,31JAN2024,USD
T000000075,A00000053,31JAN2024,CHG,3.00,BRANCH,5812,CHG POS REF452951,31JAN2024,USD
T000000076,A00000054,31JAN2024,INT,160.55,ACH,7011,INT ACH REF405770,31JAN2024,USD
T000000077,A00000054,31JAN2024,PMT,121.15,MOBILE,0000,PMT ACH REF914731,31JAN2024,USD
T000000078,A00000055,31JAN2024,PMT,1403.33,ATM,7011,PMT ONLINE REF834881,01FEB2024,USD
T000000079,A00000055,31JAN2024,CHG,12.00,WIRE,5411,CHG MOBILE REF594341,31JAN2024,USD
T000000080,A00000057,31JAN2024,PMT,1590.42,POS,5912,PMT MOBILE REF193171,31JAN2024,USD
T000000081,A00000058,31JAN2024,INT,223.19,BRANCH,5912,INT POS REF649758,31JAN2024,USD
T000000082,A00000058,31JAN2024,CHG,3.00,BRANCH,6011,CHG ONLINE REF779766,31JAN2024,USD
T000000083,A00000059,31JAN2024,CHG,9.95,POS,5812,CHG ONLINE REF110586,31JAN2024,USD
T000000084,A00000060,31JAN2024,DEP,94.40,BRANCH,4900,DEP BRANCH REF565281,31JAN2024,USD
T000000085,A00000060,31JAN2024,DEP,93.00,WIRE,5541,DEP ACH REF453961,31JAN2024,USD
T000000086,A00000061,31JAN2024,CHG,25.00,BRANCH,4900,CHG WIRE REF437469,01FEB2024,USD
T000000087,A00000063,31JAN2024,PMT,323.15,POS,5912,PMT ACH REF796727,31JAN2024,USD
T000000088,A00000063,31JAN2024,ADJ,-307.78,ONLINE,6011,ADJ POS REF326615,31JAN2024,USD
T000000089,A00000063,31JAN2024,INT,162.90,ACH,5411,INT ATM REF809155,31JAN2024,USD
T000000090,A00000064,31JAN2024,WDR,146.74,BRANCH,5812,WDR ATM REF547937,31JAN2024,USD
T000000091,A00000064,31JAN2024,REV,3.23,BRANCH,5912,REV BRANCH REF502940,31JAN2024,USD
T000000092,A00000064,31JAN2024,DEP,136.10,BRANCH,5912,DEP POS REF771915,31JAN2024,USD
T000000093,A00000064,31JAN2024,WDR,47.93,MOBILE,5812,WDR ONLINE REF806389,31JAN2024,USD
T000000094,A00000064,31JAN2024,REV,35.98,BRANCH,5411,REV ONLINE REF829566,31JAN2024,USD
T000000095,A00000064,31JAN2024,DEP,107.83,ATM,5541,DEP ATM REF853536,31JAN2024,USD
T000000096,A00000065,31JAN2024,DEP,11.13,BRANCH,5541,DEP MOBILE REF243498,31JAN2024,USD
T000000097,A00000066,31JAN2024,PMT,2882.15,ACH,5541,PMT ACH REF240779,31JAN2024,USD
T000000098,A00000067,31JAN2024,PMT,2022.87,ONLINE,4900,PMT ONLINE REF571850,31JAN2024,USD
T000000099,A00000067,31JAN2024,PMT,2313.22,WIRE,5541,PMT WIRE REF358966,31JAN2024,USD
T000000100,A00000068,31JAN2024,DEP,77.10,ATM,0000,DEP BRANCH REF901542,31JAN2024,USD
T000000101,A00000069,31JAN2024,WDR,31.58,POS,5541,WDR ONLINE REF438788,31JAN2024,USD
T000000102,A00000070,31JAN2024,INT,124.62,WIRE,5812,INT MOBILE REF762024,31JAN2024,USD
T000000103,A00000071,31JAN2024,INT,197.73,WIRE,6011,INT BRANCH REF329006,31JAN2024,USD
T000000104,A00000071,31JAN2024,REF,1763.27,BRANCH,5812,REF BRANCH REF974172,31JAN2024,USD
T000000105,A00000071,31JAN2024,CHG,12.00,ONLINE,4900,CHG POS REF607973,31JAN2024,USD
T000000106,A00000071,31JAN2024,CHG,12.00,WIRE,4900,CHG POS REF894825,01FEB2024,USD
T000000107,A00000071,31JAN2024,PMT,1692.21,ACH,5411,PMT ONLINE REF342868,31JAN2024,USD
T000000108,A00000071,31JAN2024,INT,71.75,ONLINE,6011,INT POS REF762292,31JAN2024,USD
T000000109,A00000075,31JAN2024,WDR,130.18,ONLINE,5541,WDR BRANCH REF706912,31JAN2024,USD
T000000110,A00000076,31JAN2024,CHG,25.00,POS,0000,CHG BRANCH REF275542,01FEB2024,USD
T000000111,A00000076,31JAN2024,REF,2655.95,POS,4900,REF BRANCH REF887904,31JAN2024,USD
T000000112,A00000076,31JAN2024,CHG,35.00,BRANCH,5912,CHG MOBILE REF239931,31JAN2024,USD
T000000113,A00000076,31JAN2024,PMT,1806.60,POS,5541,PMT POS REF686671,31JAN2024,USD
T000000114,A00000076,31JAN2024,FEE,3.00,POS,5541,FEE WIRE REF245363,31JAN2024,USD
T000000115,A00000076,31JAN2024,CHG,12.00,BRANCH,7011,CHG POS REF911121,31JAN2024,USD
T000000116,A00000077,31JAN2024,TRF,105.75,POS,5541,TRF ATM REF891617,31JAN2024,USD
T000000117,A00000080,31JAN2024,DEP,12.10,ONLINE,5411,DEP MOBILE REF628706,31JAN2024,USD
T000000118,A00000081,31JAN2024,DEP,152.90,BRANCH,7011,DEP ONLINE REF915331,31JAN2024,USD
T000000119,A00000082,31JAN2024,DEP,292.33,ACH,6011,DEP ACH REF998747,01FEB2024,USD
T000000120,A00000084,31JAN2024,REF,2089.40,ATM,5541,REF POS REF316116,01FEB2024,USD
T000000121,A00000084,31JAN2024,CHG,35.00,MOBILE,7011,CHG BRANCH REF438947,01FEB2024,USD
T000000122,A00000084,31JAN2024,CHG,9.95,ACH,7011,CHG BRANCH REF337230,31JAN2024,USD
T000000123,A00000085,31JAN2024,FEE,3.00,BRANCH,5541,FEE POS REF528793,31JAN2024,USD
T000000124,A00000085,31JAN2024,CHG,25.00,ATM,5812,CHG WIRE REF107082,31JAN2024,USD
T000000125,A00000087,31JAN2024,DEP,36.69,ONLINE,6011,DEP BRANCH REF882760,01FEB2024,USD
T000000126,A00000089,31JAN2024,CHG,3.00,WIRE,5411,CHG ONLINE REF294202,01FEB2024,USD
T000000127,A00000089,31JAN2024,CHG,35.00,MOBILE,4900,CHG MOBILE REF605564,31JAN2024,USD
T000000128,A00000089,31JAN2024,CHG,35.00,ATM,5912,CHG POS REF779492,31JAN2024,USD
T000000129,A00000089,31JAN2024,CHG,25.00,POS,5812,CHG BRANCH REF275083,31JAN2024,USD
T000000130,A00000089,31JAN2024,CHG,3.00,POS,5912,CHG BRANCH REF262966,31JAN2024,USD
T000000131,A00000089,31JAN2024,CHG,3.00,ACH,7011,CHG BRANCH REF310955,31JAN2024,USD
T000000132,A00000092,31JAN2024,PMT,536.68,WIRE,5912,PMT BRANCH REF405262,31JAN2024,USD
T000000133,A00000092,31JAN2024,FEE,9.95,ACH,0000,FEE MOBILE REF169223,31JAN2024,USD
T000000134,A00000092,31JAN2024,FEE,9.95,ATM,7011,FEE BRANCH REF316593,31JAN2024,USD
T000000135,A00000093,31JAN2024,WDR,2.01,POS,5411,WDR ATM REF179343,31JAN2024,USD
T000000136,A00000093,31JAN2024,DEP,161.27,ATM,7011,DEP WIRE REF734819,31JAN2024,USD
T000000137,A00000095,31JAN2024,WDR,6864.74,MOBILE,6011,FEE POS REF449118,31JAN2024,USD
T000000138,A00000099,31JAN2024,FEE,3.00,BRANCH,7011,FEE WIRE REF166460,01FEB2024,USD
T000000139,A00000101,31JAN2024,WDR,367.85,POS,4900,WDR ACH REF724522,01FEB2024,USD
T000000140,A00000101,31JAN2024,TRF,194.84,ACH,5541,TRF BRANCH REF230606,01FEB2024,USD
T000000141,A00000101,31JAN2024,DEP,76.68,ONLINE,7011,DEP WIRE REF934387,31JAN2024,USD
T000000142,A00000103,31JAN2024,CHG,9.95,POS,0000,CHG POS REF289990,31JAN2024,USD
T000000143,A00000103,31JAN2024,FEE,35.00,BRANCH,7011,FEE ONLINE REF644732,01FEB2024,USD
T000000144,A00000104,31JAN2024,PMT,992.49,POS,6011,PMT BRANCH REF383841,01FEB2024,USD
T000000145,A00000104,31JAN2024,PMT,893.50,POS,5411,PMT POS REF135414,31JAN2024,USD
T000000146,A00000107,31JAN2024,DEP,9.19,BRANCH,0000,DEP ATM REF859062,01FEB2024,USD
T000000147,A00000107,31JAN2024,WDR,82.13,POS,6011,WDR MOBILE REF953639,01FEB2024,USD
T000000148,A00000110,31JAN2024,FEE,12.00,WIRE,5812,FEE WIRE REF764017,31JAN2024,USD
T000000149,A00000110,31JAN2024,CHG,12.00,BRANCH,5912,CHG ACH REF435198,31JAN2024,USD
T000000150,A00000111,31JAN2024,PMT,61.65,ONLINE,4900,PMT ATM REF309246,31JAN2024,USD
T000000151,A00000112,31JAN2024,PMT,879.16,POS,7011,PMT WIRE REF165939,31JAN2024,USD
T000000152,A00000113,31JAN2024,WDR,1579.25,WIRE,4900,WDR BRANCH REF166994,31JAN2024,USD
T000000153,A00000114,31JAN2024,INT,117.71,ONLINE,0000,INT WIRE REF360420,31JAN2024,USD
T000000154,A00000114,31JAN2024,DEP,49.98,BRANCH,7011,DEP MOBILE REF793972,31JAN2024,USD
T000000155,A00000114,31JAN2024,WDR,95.09,ONLINE,4900,WDR ATM REF810482,31JAN2024,USD
T000000156,A00000115,31JAN2024,WDR,117.79,BRANCH,4900,WDR ACH REF789219,31JAN2024,USD
T000000157,A00000115,31JAN2024,WDR,139.22,POS,7011,WDR BRANCH REF363462,31JAN2024,USD
T000000158,A00000115,31JAN2024,WDR,111.03,WIRE,6011,WDR BRANCH REF845515,31JAN2024,USD
T000000159,A00000117,31JAN2024,FEE,35.00,ACH,7011,FEE WIRE REF763799,31JAN2024,USD
T000000160,A00000118,31JAN2024,DEP,389.28,ONLINE,0000,DEP WIRE REF306022,31JAN2024,USD
T000000161,A00000118,31JAN2024,WDR,141.75,MOBILE,7011,WDR ATM REF805172,31JAN2024,USD
T000000162,A00000118,31JAN2024,ADJ,19.72,ACH,0000,ADJ ATM REF496722,31JAN2024,USD
T000000163,A00000118,31JAN2024,WDR,37.65,ATM,5541,WDR BRANCH REF978948,31JAN2024,USD
T000000164,A00000118,31JAN2024,WDR,29.86,POS,5541,WDR WIRE REF739379,31JAN2024,USD
T000000165,A00000118,31JAN2024,INT,80.51,MOBILE,4900,INT POS REF312669,31JAN2024,USD
T000000166,A00000119,31JAN2024,DEP,152.16,BRANCH,7011,DEP WIRE REF492289,31JAN2024,USD
T000000167,A00000119,31JAN2024,REV,102.04,ONLINE,5812,REV BRANCH REF959030,01FEB2024,USD
T000000168,A00000119,31JAN2024,WDR,127.46,MOBILE,0000,WDR BRANCH REF511791,31JAN2024,USD
T000000169,A00000120,31JAN2024,INT,48.02,ONLINE,5812,INT MOBILE REF339896,31JAN2024,USD
T000000170,A00000121,31JAN2024,FEE,12.00,MOBILE,6011,FEE ATM REF331652,31JAN2024,USD
T000000171,A00000123,31JAN2024,INT,127.90,BRANCH,4900,INT ONLINE REF850171,31JAN2024,USD
T000000172,A00000125,31JAN2024,WDR,72.38,WIRE,5411,WDR ATM REF751059,31JAN2024,USD
T000000173,A00000125,31JAN2024,WDR,184.87,MOBILE,5541,WDR ATM REF951737,31JAN2024,USD
T000000174,A00000128,31JAN2024,FEE,25.00,MOBILE,6011,FEE MOBILE REF254734,31JAN2024,USD
T000000175,A00000129,31JAN2024,PMT,2047.97,BRANCH,0000,PMT WIRE REF340459,01FEB2024,USD
T000000176,A00000130,31JAN2024,CHG,25.00,ATM,0000,CHG MOBILE REF617159,31JAN2024,USD
T000000177,A00000130,31JAN2024,CHG,25.00,POS,7011,CHG MOBILE REF757589,31JAN2024,USD
T000000178,A00000132,31JAN2024,DEP,43.58,ACH,5541,DEP ATM REF838206,31JAN2024,USD
T000000179,A00000133,31JAN2024,TRF,-14.16,WIRE,6011,TRF ATM REF798306,31JAN2024,USD
T000000180,A00000133,31JAN2024,TRF,-1.03,WIRE,5541,TRF ONLINE REF821230,31JAN2024,USD
T000000181,A00000133,31JAN2024,WDR,137.48,POS,7011,WDR MOBILE REF512842,31JAN2024,USD
T000000182,A00000133,31JAN2024,WDR,486.95,BRANCH,4900,WDR WIRE REF993820,31JAN2024,USD
T000000183,A00000133,31JAN2024,TRF,-653.07,ONLINE,5541,TRF ONLINE REF526473,31JAN2024,USD
T000000184,A00000133,31JAN2024,DEP,186.28,MOBILE,5411,DEP ACH REF407639,01FEB2024,USD
T000000185,A00000134,31JAN2024,INT,233.57,BRANCH,0000,INT MOBILE REF465474,31JAN2024,USD
T000000186,A00000134,31JAN2024,PMT,62.29,ACH,0000,PMT WIRE REF919014,31JAN2024,USD
T000000187,A00000136,31JAN2024,DEP,27.71,ATM,5912,DEP POS REF330972,31JAN2024,USD
T000000188,A00000136,31JAN2024,DEP,273.85,BRANCH,5411,DEP ACH REF122956,31JAN2024,USD
T000000189,A00000136,31JAN2024,DEP,26.45,POS,5812,DEP ONLINE REF331938,31JAN2024,USD
T000000190,A00000137,31JAN2024,WDR,92.13,ATM,7011,WDR MOBILE REF639348,31JAN2024,USD
T000000191,A00000138,31JAN2024,WDR,649.81,ONLINE,4900,WDR ONLINE REF709577,31JAN2024,USD
T000000192,A00000139,31JAN2024,PMT,997.82,ATM,5541,PMT POS REF637073,31JAN2024,USD
T000000193,A00000139,31JAN2024,INT,12.08,MOBILE,6011,INT ATM REF593704,31JAN2024,USD
T000000194,A00000141,31JAN2024,ADJ,191.16,MOBILE,6011,ADJ BRANCH REF299048,31JAN2024,USD
T000000195,A00000142,31JAN2024,WDR,96.79,BRANCH,7011,WDR ACH REF630709,01FEB2024,USD
T000000196,A00000143,31JAN2024,WDR,39.07,ACH,4900,WDR ACH REF897772,31JAN2024,USD
T000000197,A00000143,31JAN2024,DEP,190.06,POS,4900,DEP MOBILE REF647604,31JAN2024,USD
T000000198,A00000145,31JAN2024,FEE,12.00,MOBILE,7011,FEE BRANCH REF584634,31JAN2024,USD
T000000199,A00000146,31JAN2024,TRF,-39.19,POS,0000,TRF ONLINE REF526413,31JAN2024,USD
T000000200,A00000148,31JAN2024,WDR,1676.93,ONLINE,5912,FEE WIRE REF716606,01FEB2024,USD
T000000201,A00000148,31JAN2024,TRF,-6.96,MOBILE,7011,TRF ACH REF342990,31JAN2024,USD
T000000202,A00000148,31JAN2024,DEP,35.89,ACH,5812,DEP ONLINE REF452635,31JAN2024,USD
T000000203,A00000152,31JAN2024,FEE,3.00,ATM,0000,FEE ACH REF753030,31JAN2024,USD
T000000204,A00000152,31JAN2024,TRF,202.32,ACH,5812,TRF ONLINE REF129423,01FEB2024,USD
T000000205,A00000152,31JAN2024,INT,134.16,ACH,5912,INT WIRE REF347421,31JAN2024,USD
T000000206,A00000154,31JAN2024,TRF,-984.85,ACH,0000,TRF ACH REF746379,01FEB2024,USD
T000000207,A00000154,31JAN2024,WDR,229.12,WIRE,4900,WDR POS REF188060,31JAN2024,USD
T000000208,A00000154,31JAN2024,TRF,1.04,BRANCH,6011,TRF BRANCH REF489005,31JAN2024,USD
T000000209,A00000156,31JAN2024,CHG,12.00,BRANCH,5411,CHG POS REF897866,31JAN2024,USD
T000000210,A00000157,31JAN2024,CHG,9.95,ACH,7011,CHG BRANCH REF360873,31JAN2024,USD
T000000211,A00000157,31JAN2024,REF,1549.75,ATM,7011,REF BRANCH REF244232,31JAN2024,USD
T000000212,A00000157,31JAN2024,CHG,12.00,ACH,5812,CHG ONLINE REF250992,31JAN2024,USD
T000000213,A00000159,31JAN2024,DEP,29.05,POS,5912,DEP POS REF785144,31JAN2024,USD
T000000214,A00000159,31JAN2024,TRF,376.31,ATM,6011,TRF MOBILE REF679506,31JAN2024,USD
T000000215,A00000159,31JAN2024,WDR,83.10,WIRE,0000,WDR ACH REF876782,31JAN2024,USD
T000000216,A00000160,31JAN2024,TRF,27.67,WIRE,7011,TRF ATM REF631642,31JAN2024,USD
T000000217,A00000163,31JAN2024,CHG,25.00,ATM,7011,CHG ATM REF884025,31JAN2024,USD
T000000218,A00000170,31JAN2024,FEE,12.00,POS,6011,FEE POS REF717550,31JAN2024,USD
T000000219,A00000173,31JAN2024,CHG,3.00,ONLINE,6011,CHG BRANCH REF257850,31JAN2024,USD
T000000220,A00000174,31JAN2024,PMT,2770.47,MOBILE,6011,PMT BRANCH REF704930,31JAN2024,USD
T000000221,A00000174,31JAN2024,PMT,228.13,BRANCH,4900,PMT ACH REF846071,31JAN2024,USD
T000000222,A00000174,31JAN2024,CHG,35.00,POS,4900,CHG MOBILE REF720729,31JAN2024,USD
T000000223,A00000175,31JAN2024,DEP,184.15,ATM,6011,DEP MOBILE REF575244,31JAN2024,USD
T000000224,A00000175,31JAN2024,FEE,12.00,WIRE,6011,FEE WIRE REF510913,31JAN2024,USD
T000000225,A00000176,31JAN2024,FEE,9.95,POS,5541,FEE BRANCH REF817005,31JAN2024,USD
T000000226,A00000177,31JAN2024,CHG,25.00,MOBILE,4900,CHG WIRE REF915407,31JAN2024,USD
T000000227,A00000177,31JAN2024,PMT,1991.75,BRANCH,5541,PMT ONLINE REF597648,31JAN2024,USD
T000000228,A00000178,31JAN2024,CHG,3.00,POS,7011,CHG ATM REF725121,01FEB2024,USD
T000000229,A00000178,31JAN2024,PMT,2341.05,MOBILE,4900,PMT ONLINE REF225400,31JAN2024,USD
T000000230,A00000178,31JAN2024,ADJ,-3097.24,MOBILE,5912,ADJ ACH REF716558,31JAN2024,USD
T000000231,A00000179,31JAN2024,CHG,25.00,ATM,5411,CHG WIRE REF715243,31JAN2024,USD
T000000232,A00000179,31JAN2024,PMT,755.24,WIRE,5912,PMT BRANCH REF588901,31JAN2024,USD
T000000233,A00000181,31JAN2024,CHG,12.00,ACH,5812,CHG ONLINE REF456227,31JAN2024,USD
T000000234,A00000181,31JAN2024,PMT,1725.59,ONLINE,4900,PMT ONLINE REF225530,31JAN2024,USD
T000000235,A00000182,31JAN2024,WDR,1467.46,BRANCH,6011,WDR ATM REF626144,31JAN2024,USD
T000000236,A00000182,31JAN2024,ADJ,90.96,WIRE,5411,ADJ MOBILE REF781587,31JAN2024,USD
T000000237,A00000182,31JAN2024,WDR,23.65,MOBILE,7011,WDR BRANCH REF856471,31JAN2024,USD
T000000238,A00000183,31JAN2024,WDR,532.91,POS,0000,WDR ATM REF175239,31JAN2024,USD
T000000239,A00000183,31JAN2024,WDR,108.70,ATM,4900,WDR WIRE REF263336,31JAN2024,USD
T000000240,A00000183,31JAN2024,WDR,11.48,BRANCH,5541,WDR POS REF986369,31JAN2024,USD
T000000241,A00000185,31JAN2024,WDR,1.35,BRANCH,7011,WDR MOBILE REF728106,31JAN2024,USD
T000000242,A00000185,31JAN2024,TRF,-109.26,WIRE,5411,TRF ONLINE REF536231,31JAN2024,USD
T000000243,A00000185,31JAN2024,WDR,36.38,ATM,4900,WDR BRANCH REF810880,31JAN2024,USD
T000000244,A00000187,31JAN2024,INT,71.70,WIRE,5912,INT POS REF949695,31JAN2024,USD
T000000245,A00000187,31JAN2024,FEE,12.00,BRANCH,5812,FEE POS REF909037,01FEB2024,USD
T000000246,A00000188,31JAN2024,WDR,1747106.49,ACH,7011,CHG POS REF999713,31JAN2024,USD
T000000247,A00000189,31JAN2024,WDR,113.00,POS,7011,WDR ONLINE REF536650,31JAN2024,USD
T000000248,A00000190,31JAN2024,PMT,1733.34,ONLINE,4900,PMT ATM REF749670,31JAN2024,USD
T000000249,A00000190,31JAN2024,PMT,2033.64,ACH,6011,PMT MOBILE REF193803,31JAN2024,USD
T000000250,A00000190,31JAN2024,FEE,12.00,ATM,5541,FEE ONLINE REF373372,31JAN2024,USD
T000000251,A00000191,31JAN2024,DEP,89.89,POS,5541,DEP ACH REF514379,31JAN2024,USD
T000000252,A00000191,31JAN2024,DEP,13.68,BRANCH,7011,DEP MOBILE REF921930,01FEB2024,USD
T000000253,A00000193,31JAN2024,DEP,190.94,WIRE,7011,DEP BRANCH REF707059,31JAN2024,USD
T000000254,A00000196,31JAN2024,WDR,2.01,MOBILE,6011,WDR ACH REF635433,31JAN2024,USD
T000000255,A00000197,31JAN2024,REF,1246.16,ACH,4900,REF ONLINE REF728345,31JAN2024,USD
T000000256,A00000198,31JAN2024,TRF,33.81,MOBILE,5411,TRF ONLINE REF621643,31JAN2024,USD
T000000257,A00000199,31JAN2024,FEE,35.00,POS,5912,FEE POS REF272728,31JAN2024,USD
T000000258,A00000204,31JAN2024,PMT,1651.89,ONLINE,7011,PMT WIRE REF404538,31JAN2024,USD
T000000259,A00000204,31JAN2024,PMT,1029.62,ACH,5541,PMT POS REF130123,31JAN2024,USD
T000000260,A00000205,31JAN2024,CHG,3.00,WIRE,0000,CHG ACH REF972286,31JAN2024,USD
T000000261,A00000209,31JAN2024,WDR,9.64,MOBILE,5912,WDR ATM REF411962,31JAN2024,USD
T000000262,A00000210,31JAN2024,PMT,914.82,ATM,4900,PMT POS REF919401,31JAN2024,USD
T000000263,A00000210,31JAN2024,INT,168.05,WIRE,5411,INT WIRE REF878149,31JAN2024,USD
T000000264,A00000210,31JAN2024,REF,911.08,MOBILE,5541,REF ATM REF767658,31JAN2024,USD
T000000265,A00000210,31JAN2024,INT,3.66,BRANCH,0000,INT ONLINE REF692868,01FEB2024,USD
T000000266,A00000210,31JAN2024,PMT,942.54,ATM,6011,PMT ACH REF308235,31JAN2024,USD
T000000267,A00000210,31JAN2024,CHG,12.00,POS,7011,CHG POS REF824698,31JAN2024,USD
T000000268,A00000211,31JAN2024,WDR,1744.35,BRANCH,4900,WDR ACH REF271686,31JAN2024,USD
T000000269,A00000211,31JAN2024,WDR,509.51,ATM,7011,WDR WIRE REF870491,31JAN2024,USD
T000000270,A00000211,31JAN2024,WDR,427.38,ATM,0000,WDR ONLINE REF258087,31JAN2024,USD
T000000271,A00000213,31JAN2024,PMT,834.59,BRANCH,4900,PMT ONLINE REF624571,01FEB2024,USD
T000000272,A00000214,31JAN2024,CHG,3.00,ATM,5912,CHG WIRE REF603836,31JAN2024,USD
T000000273,A00000216,31JAN2024,TRF,-101.04,ACH,5541,TRF BRANCH REF679223,31JAN2024,USD
T000000274,A00000217,31JAN2024,CHG,12.00,POS,0000,CHG ATM REF803546,31JAN2024,USD
T000000275,A00000219,31JAN2024,CHG,3.00,ACH,5541,CHG POS REF648950,31JAN2024,USD
T000000276,A00000220,31JAN2024,PMT,1299.49,ACH,4900,PMT WIRE REF567805,31JAN2024,USD
T000000277,A00000220,31JAN2024,CHG,9.95,BRANCH,5812,CHG ACH REF430566,31JAN2024,USD
T000000278,A00000220,31JAN2024,PMT,368.88,ATM,5541,PMT POS REF283568,31JAN2024,USD
T000000279,A00000222,31JAN2024,CHG,3.00,MOBILE,5411,CHG ATM REF913224,31JAN2024,USD
T000000280,A00000222,31JAN2024,PMT,2134.93,MOBILE,4900,PMT MOBILE REF982162,31JAN2024,USD
T000000281,A00000223,31JAN2024,DEP,120.67,WIRE,5541,DEP ATM REF908558,31JAN2024,USD
T000000282,A00000223,31JAN2024,DEP,49.40,POS,6011,DEP POS REF290008,01FEB2024,USD
T000000283,A00000223,31JAN2024,WDR,351.83,ATM,5411,WDR BRANCH REF826817,31JAN2024,USD
T000000284,A00000223,31JAN2024,INT,197.72,WIRE,5411,INT BRANCH REF670818,01FEB2024,USD
T000000285,A00000223,31JAN2024,REV,36.07,POS,5812,REV ACH REF870852,31JAN2024,USD
T000000286,A00000223,31JAN2024,DEP,28.12,ACH,7011,DEP ATM REF583165,01FEB2024,USD
T000000287,A00000224,31JAN2024,CHG,25.00,ONLINE,6011,CHG MOBILE REF812763,31JAN2024,USD
T000000288,A00000224,31JAN2024,FEE,12.00,POS,5411,FEE MOBILE REF435954,31JAN2024,USD
T000000289,A00000224,31JAN2024,CHG,12.00,ACH,5411,CHG MOBILE REF486440,31JAN2024,USD
T000000290,A00000228,31JAN2024,TRF,125.86,ACH,5541,TRF MOBILE REF918710,31JAN2024,USD
T000000291,A00000228,31JAN2024,DEP,22.56,POS,4900,DEP ACH REF874623,31JAN2024,USD
T000000292,A00000230,31JAN2024,PMT,1432.16,ACH,5912,PMT ATM REF384623,31JAN2024,USD
T000000293,A00000231,31JAN2024,TRF,-70.77,BRANCH,7011,TRF ONLINE REF567932,31JAN2024,USD
T000000294,A00000233,31JAN2024,TRF,23.46,MOBILE,5411,TRF ACH REF210920,31JAN2024,USD
T000000295,A00000235,31JAN2024,WDR,93.18,BRANCH,6011,WDR ATM REF160101,31JAN2024,USD
T000000296,A00000235,31JAN2024,WDR,49.21,ATM,4900,WDR ATM REF363725,31JAN2024,USD
T000000297,A00000237,31JAN2024,DEP,8.41,BRANCH,5541,DEP MOBILE REF180644,31JAN2024,USD
T000000298,A00000237,31JAN2024,WDR,473.42,MOBILE,5912,WDR ATM REF264285,31JAN2024,USD
T000000299,A00000237,31JAN2024,WDR,14.12,WIRE,6011,WDR ONLINE REF659791,31JAN2024,USD
T000000300,A00000237,31JAN2024,INT,8.64,POS,4900,INT MOBILE REF219280,31JAN2024,USD
T000000301,A00000237,31JAN2024,WDR,291.71,BRANCH,5541,WDR BRANCH REF240141,01FEB2024,USD
T000000302,A00000237,31JAN2024,TRF,-55.83,ACH,5912,TRF MOBILE REF184307,31JAN2024,USD
T000000303,A00000239,31JAN2024,PMT,853.94,ONLINE,5812,PMT POS REF629323,31JAN2024,USD
T000000304,A00000239,31JAN2024,PMT,2774.42,POS,6011,PMT MOBILE REF111262,01FEB2024,USD
T000000305,A00000239,31JAN2024,CHG,25.00,WIRE,0000,CHG ACH REF276207,31JAN2024,USD
T000000306,A00000241,31JAN2024,WDR,61.26,MOBILE,5411,WDR WIRE REF578934,31JAN2024,USD
T000000307,A00000241,31JAN2024,WDR,63.83,ONLINE,6011,WDR MOBILE REF570992,31JAN2024,USD
T000000308,A00000241,31JAN2024,INT,192.23,ONLINE,5812,INT POS REF913822,01FEB2024,USD
T000000309,A00000242,31JAN2024,DEP,3.35,BRANCH,6011,DEP ACH REF838570,31JAN2024,USD
T000000310,A00000242,31JAN2024,FEE,3.00,MOBILE,6011,FEE ACH REF877837,01FEB2024,USD
T000000311,A00000244,31JAN2024,CHG,12.00,ONLINE,5912,CHG ACH REF673907,31JAN2024,USD
T000000312,A00000244,31JAN2024,CHG,12.00,WIRE,0000,CHG MOBILE REF389435,31JAN2024,USD
T000000313,A00000244,31JAN2024,PMT,658.24,ONLINE,5411,PMT MOBILE REF289316,01FEB2024,USD
T000000314,A00000244,31JAN2024,REF,1518.88,ACH,7011,REF ONLINE REF925248,31JAN2024,USD
T000000315,A00000244,31JAN2024,FEE,3.00,POS,0000,FEE ATM REF709895,31JAN2024,USD
T000000316,A00000244,31JAN2024,WDR,107919.49,ONLINE,6011,INT ATM REF309655,01FEB2024,USD
T000000317,A00000246,31JAN2024,FEE,25.00,MOBILE,6011,FEE ONLINE REF136562,31JAN2024,USD
T000000318,A00000246,31JAN2024,REF,2178.79,ACH,0000,REF POS REF338229,31JAN2024,USD
T000000319,A00000246,31JAN2024,PMT,1775.56,WIRE,5411,PMT ACH REF581344,31JAN2024,USD
T000000320,A00000247,31JAN2024,REF,763.60,POS,0000,REF BRANCH REF281840,31JAN2024,USD
T000000321,A00000248,31JAN2024,FEE,9.95,ATM,5812,FEE ATM REF958164,31JAN2024,USD
T000000322,A00000248,31JAN2024,CHG,12.00,ACH,7011,CHG ONLINE REF195619,31JAN2024,USD
T000000323,A00000249,31JAN2024,WDR,132.66,ONLINE,5411,WDR MOBILE REF433894,31JAN2024,USD
T000000324,A00000253,31JAN2024,WDR,455.89,ONLINE,7011,WDR ATM REF178241,01FEB2024,USD
T000000325,A00000254,31JAN2024,CHG,3.00,MOBILE,5541,CHG ATM REF893537,31JAN2024,USD
T000000326,A00000255,31JAN2024,ADJ,-58.19,ONLINE,5912,ADJ BRANCH REF642602,31JAN2024,USD
T000000327,A00000255,31JAN2024,WDR,7.07,WIRE,6011,WDR WIRE REF807192,01FEB2024,USD
T000000328,A00000255,31JAN2024,WDR,583.98,ACH,5541,WDR BRANCH REF337728,01FEB2024,USD
T000000329,A00000256,31JAN2024,INT,39.86,ACH,7011,INT WIRE REF861208,01FEB2024,USD
T000000330,A00000257,31JAN2024,PMT,2614.85,ACH,5912,PMT ATM REF325922,31JAN2024,USD
T000000331,A00000257,31JAN2024,INT,169.15,POS,5812,INT WIRE REF655374,31JAN2024,USD
T000000332,A00000257,31JAN2024,CHG,3.00,ACH,5411,CHG ONLINE REF431813,31JAN2024,USD
T000000333,A00000258,31JAN2024,WDR,401.82,BRANCH,5912,WDR ATM REF619249,31JAN2024,USD
T000000334,A00000259,31JAN2024,CHG,12.00,ONLINE,5912,CHG WIRE REF579063,31JAN2024,USD
T000000335,A00000259,31JAN2024,CHG,9.95,MOBILE,4900,CHG ONLINE REF838435,31JAN2024,USD
T000000336,A00000259,31JAN2024,CHG,3.00,BRANCH,6011,CHG WIRE REF964616,31JAN2024,USD
T000000337,A00000261,31JAN2024,WDR,276.19,ONLINE,5411,WDR WIRE REF772480,01FEB2024,USD
T000000338,A00000261,31JAN2024,TRF,509.37,ONLINE,0000,TRF WIRE REF288338,31JAN2024,USD
T000000339,A00000261,31JAN2024,TRF,-80.25,MOBILE,6011,TRF ONLINE REF970789,31JAN2024,USD
T000000340,A00000262,31JAN2024,WDR,35.16,WIRE,5411,WDR ATM REF910094,31JAN2024,USD
T000000341,A00000262,31JAN2024,TRF,-144.96,MOBILE,5411,TRF POS REF688024,31JAN2024,USD
T000000342,A00000264,31JAN2024,DEP,150.80,ATM,7011,DEP BRANCH REF180598,01FEB2024,USD
T000000343,A00000265,31JAN2024,PMT,2941.94,WIRE,4900,PMT POS REF325765,31JAN2024,USD
T000000344,A00000266,31JAN2024,PMT,940.83,ACH,5541,PMT BRANCH REF637364,31JAN2024,USD
T000000345,A00000266,31JAN2024,PMT,264.32,BRANCH,0000,PMT MOBILE REF953152,31JAN2024,USD
T000000346,A00000266,31JAN2024,WDR,801.83,WIRE,5541,INT MOBILE REF352785,31JAN2024,USD
T000000347,A00000267,31JAN2024,INT,45.78,ATM,5912,INT WIRE REF568132,31JAN2024,USD
T000000348,A00000267,31JAN2024,INT,194.01,ATM,5541,INT ATM REF637845,31JAN2024,USD
T000000349,A00000267,31JAN2024,CHG,12.00,BRANCH,5912,CHG BRANCH REF378580,31JAN2024,USD
T000000350,A00000268,31JAN2024,DEP,26.39,BRANCH,5912,DEP MOBILE REF957571,31JAN2024,USD
T000000351,A00000271,31JAN2024,DEP,61.55,ONLINE,7011,DEP ATM REF571099,31JAN2024,USD
T000000352,A00000272,31JAN2024,CHG,12.00,ACH,7011,CHG POS REF822279,31JAN2024,USD
T000000353,A00000272,31JAN2024,PMT,344.37,WIRE,7011,PMT BRANCH REF945744,31JAN2024,USD
T000000354,A00000272,31JAN2024,FEE,12.00,WIRE,5912,FEE POS REF536320,31JAN2024,USD
T000000355,A00000274,31JAN2024,CHG,3.00,ACH,6011,CHG ATM REF462573,31JAN2024,USD
T000000356,A00000277,31JAN2024,INT,228.87,ATM,7011,INT POS REF961691,31JAN2024,USD
T000000357,A00000278,31JAN2024,WDR,15.50,POS,5912,WDR MOBILE REF618763,31JAN2024,USD
T000000358,A00000279,31JAN2024,CHG,25.00,ACH,5912,CHG WIRE REF215849,31JAN2024,USD
T000000359,A00000279,31JAN2024,PMT,778.87,ACH,6011,PMT ONLINE REF341286,31JAN2024,USD
T000000360,A00000279,31JAN2024,CHG,12.00,ONLINE,0000,CHG POS REF982727,31JAN2024,USD
T000000361,A00000280,31JAN2024,INT,168.77,BRANCH,5912,INT POS REF309070,31JAN2024,USD
T000000362,A00000281,31JAN2024,DEP,18.79,WIRE,5411,DEP WIRE REF173739,31JAN2024,USD
T000000363,A00000282,31JAN2024,REV,951.36,ACH,6011,REV ACH REF821265,31JAN2024,USD
T000000364,A00000283,31JAN2024,DEP,42.22,ONLINE,5912,DEP MOBILE REF774315,01FEB2024,USD
T000000365,A00000283,31JAN2024,WDR,15.03,MOBILE,5541,WDR POS REF330368,31JAN2024,USD
T000000366,A00000283,31JAN2024,REV,42.67,ATM,0000,REV WIRE REF561073,31JAN2024,USD
T000000367,A00000283,31JAN2024,DEP,219.77,BRANCH,5812,DEP POS REF743434,31JAN2024,USD
T000000368,A00000283,31JAN2024,WDR,890.77,ATM,5812,WDR ONLINE REF330037,31JAN2024,USD
T000000369,A00000283,31JAN2024,DEP,12.93,ONLINE,7011,DEP ATM REF142267,31JAN2024,USD
T000000370,A00000286,31JAN2024,DEP,135.52,ATM,5541,DEP WIRE REF147309,31JAN2024,USD
T000000371,A00000289,31JAN2024,WDR,43.00,WIRE,5912,WDR POS REF411500,31JAN2024,USD
T000000372,A00000289,31JAN2024,REV,34.18,MOBILE,5541,REV ONLINE REF520037,31JAN2024,USD
T000000373,A00000289,31JAN2024,DEP,58.23,MOBILE,5812,DEP BRANCH REF771594,31JAN2024,USD
T000000374,A00000291,31JAN2024,INT,161.50,POS,0000,INT POS REF834643,31JAN2024,USD
T000000375,A00000291,31JAN2024,DEP,5.79,POS,7011,DEP WIRE REF640743,31JAN2024,USD
T000000376,A00000292,31JAN2024,WDR,38.50,WIRE,4900,WDR MOBILE REF739302,31JAN2024,USD
T000000377,A00000293,31JAN2024,INT,201.98,ONLINE,5812,INT BRANCH REF601876,31JAN2024,USD
T000000378,A00000293,31JAN2024,CHG,3.00,ATM,5812,CHG POS REF753914,31JAN2024,USD
T000000379,A00000295,31JAN2024,DEP,6.29,BRANCH,5411,DEP BRANCH REF441564,31JAN2024,USD
T000000380,A00000296,31JAN2024,REV,6.96,BRANCH,0000,REV WIRE REF384787,31JAN2024,USD
T000000381,A00000297,31JAN2024,FEE,9.95,WIRE,4900,FEE WIRE REF279891,31JAN2024,USD
T000000382,A00000299,31JAN2024,TRF,56.00,BRANCH,5912,TRF ATM REF748929,31JAN2024,USD
T000000383,A00000299,31JAN2024,WDR,293.28,ACH,6011,WDR ATM REF748722,31JAN2024,USD
T000000384,A00000300,31JAN2024,PMT,245.04,ONLINE,5912,PMT BRANCH REF659628,31JAN2024,USD
T000000385,A00000300,31JAN2024,PMT,632.08,POS,5812,PMT ACH REF727639,31JAN2024,USD
T000000386,A00000301,31JAN2024,FEE,35.00,WIRE,6011,FEE ATM REF734971,01FEB2024,USD
T000000387,A00000301,31JAN2024,PMT,1620.86,WIRE,7011,PMT WIRE REF530392,31JAN2024,USD
T000000388,A00000301,31JAN2024,FEE,3.00,WIRE,4900,FEE ONLINE REF677393,31JAN2024,USD
T000000389,A00000302,31JAN2024,TRF,60.19,WIRE,0000,TRF ATM REF475386,31JAN2024,USD
T000000390,A00000302,31JAN2024,WDR,321.34,ATM,7011,WDR MOBILE REF930190,01FEB2024,USD
T000000391,A00000303,31JAN2024,DEP,197.35,ATM,6011,DEP POS REF344157,31JAN2024,USD
T000000392,A00000303,31JAN2024,INT,209.25,POS,0000,INT BRANCH REF286246,31JAN2024,USD
T000000393,A00000304,31JAN2024,CHG,12.00,ACH,4900,CHG MOBILE REF262801,01FEB2024,USD
T000000394,A00000304,31JAN2024,CHG,35.00,ATM,4900,CHG BRANCH REF238206,31JAN2024,USD
T000000395,A00000304,31JAN2024,PMT,998.05,WIRE,5912,PMT BRANCH REF812555,31JAN2024,USD
T000000396,A00000304,31JAN2024,CHG,12.00,ATM,4900,CHG WIRE REF268937,31JAN2024,USD
T000000397,A00000304,31JAN2024,CHG,12.00,MOBILE,0000,CHG BRANCH REF369294,01FEB2024,USD
T000000398,A00000304,31JAN2024,FEE,35.00,ATM,5411,FEE BRANCH REF750756,01FEB2024,USD
T000000399,A00000306,31JAN2024,CHG,25.00,ATM,0000,CHG ONLINE REF361010,01FEB2024,USD
T000000400,A00000308,31JAN2024,INT,223.90,WIRE,5912,INT POS REF814098,31JAN2024,USD
T000000401,A00000308,31JAN2024,WDR,391.26,ATM,7011,WDR POS REF994700,31JAN2024,USD
T000000402,A00000308,31JAN2024,DEP,54.97,WIRE,7011,DEP POS REF404771,31JAN2024,USD
T000000403,A00000309,31JAN2024,PMT,458.14,ATM,5541,PMT ATM REF805060,31JAN2024,USD
T000000404,A00000310,31JAN2024,FEE,35.00,ATM,4900,FEE MOBILE REF964208,31JAN2024,USD
T000000405,A00000311,31JAN2024,DEP,47.85,ACH,6011,DEP ONLINE REF226487,31JAN2024,USD
T000000406,A00000311,31JAN2024,WDR,19.80,WIRE,5812,WDR WIRE REF633486,31JAN2024,USD
T000000407,A00000312,31JAN2024,PMT,1302.71,BRANCH,0000,PMT MOBILE REF445807,31JAN2024,USD
T000000408,A00000313,31JAN2024,TRF,-127.37,ONLINE,7011,TRF ATM REF995698,31JAN2024,USD
T000000409,A00000314,31JAN2024,CHG,9.95,POS,5541,CHG BRANCH REF338888,31JAN2024,USD
T000000410,A00000314,31JAN2024,INT,214.19,POS,0000,INT WIRE REF799860,31JAN2024,USD
T000000411,A00000315,31JAN2024,FEE,35.00,BRANCH,5912,FEE ONLINE REF759599,31JAN2024,USD
T000000412,A00000315,31JAN2024,FEE,35.00,POS,5411,FEE BRANCH REF275348,31JAN2024,USD
T000000413,A00000318,31JAN2024,DEP,53.65,MOBILE,5912,DEP POS REF917991,01FEB2024,USD
T000000414,A00000319,31JAN2024,WDR,477.55,ATM,4900,WDR WIRE REF736864,31JAN2024,USD
T000000415,A00000319,31JAN2024,DEP,43.11,ATM,0000,DEP ATM REF928170,31JAN2024,USD
T000000416,A00000320,31JAN2024,TRF,-52.19,ACH,5812,TRF WIRE REF659387,31JAN2024,USD
T000000417,A00000320,31JAN2024,WDR,250.02,ACH,6011,WDR BRANCH REF159337,31JAN2024,USD
T000000418,A00000320,31JAN2024,DEP,1890.88,MOBILE,7011,DEP MOBILE REF683005,31JAN2024,USD
T000000419,A00000325,31JAN2024,FEE,3.00,ACH,7011,FEE WIRE REF231570,31JAN2024,USD
T000000420,A00000326,31JAN2024,REF,1409.83,BRANCH,5541,REF ONLINE REF538512,31JAN2024,USD
T000000421,A00000327,31JAN2024,REV,180.84,WIRE,5541,REV WIRE REF222318,31JAN2024,USD
T000000422,A00000327,31JAN2024,WDR,85.64,MOBILE,7011,WDR ATM REF238020,01FEB2024,USD
T000000423,A00000328,31JAN2024,WDR,95.39,ONLINE,5912,WDR BRANCH REF243166,31JAN2024,USD
T000000424,A00000328,31JAN2024,WDR,270.88,ATM,4900,WDR POS REF227499,31JAN2024,USD
T000000425,A00000328,31JAN2024,TRF,-50.14,BRANCH,4900,TRF BRANCH REF568876,31JAN2024,USD
T000000426,A00000330,31JAN2024,CHG,9.95,BRANCH,5541,CHG ATM REF477456,01FEB2024,USD
T000000427,A00000330,31JAN2024,CHG,12.00,ONLINE,4900,CHG ONLINE REF130209,31JAN2024,USD
T000000428,A00000331,31JAN2024,WDR,13.39,WIRE,7011,WDR BRANCH REF343396,31JAN2024,USD
T000000429,A00000332,31JAN2024,CHG,12.00,ATM,5912,CHG ONLINE REF187117,31JAN2024,USD
T000000430,A00000333,31JAN2024,PMT,367.89,WIRE,6011,PMT POS REF979410,31JAN2024,USD
T000000431,A00000333,31JAN2024,CHG,35.00,MOBILE,6011,CHG WIRE REF763524,31JAN2024,USD
T000000432,A00000336,31JAN2024,WDR,73.41,BRANCH,5541,WDR BRANCH REF627301,01FEB2024,USD
T000000433,A00000337,31JAN2024,INT,226.88,ATM,4900,INT BRANCH REF378553,31JAN2024,USD
T000000434,A00000338,31JAN2024,WDR,52.77,POS,5912,WDR BRANCH REF173469,01FEB2024,USD
T000000435,A00000339,31JAN2024,REF,612.11,ONLINE,4900,REF ATM REF390792,31JAN2024,USD
T000000436,A00000341,31JAN2024,CHG,25.00,ONLINE,6011,CHG MOBILE REF799934,31JAN2024,USD
T000000437,A00000342,31JAN2024,WDR,3.18,BRANCH,7011,WDR POS REF474673,31JAN2024,USD
T000000438,A00000343,31JAN2024,FEE,12.00,ATM,5912,FEE ACH REF745751,01FEB2024,USD
T000000439,A00000348,31JAN2024,CHG,3.00,MOBILE,5541,CHG BRANCH REF695873,31JAN2024,USD
T000000440,A00000348,31JAN2024,CHG,25.00,ONLINE,5812,CHG ACH REF981119,31JAN2024,USD
T000000441,A00000350,31JAN2024,CHG,12.00,POS,7011,CHG BRANCH REF196259,31JAN2024,USD
T000000442,A00000350,31JAN2024,INT,61.87,BRANCH,5912,INT POS REF947873,31JAN2024,USD
T000000443,A00000350,31JAN2024,INT,217.99,POS,5912,INT ATM REF290041,31JAN2024,USD
T000000444,A00000351,31JAN2024,PMT,575.24,POS,5411,PMT MOBILE REF399950,31JAN2024,USD
T000000445,A00000351,31JAN2024,PMT,1979.93,WIRE,5411,PMT MOBILE REF201134,31JAN2024,USD
T000000446,A00000353,31JAN2024,TRF,292.78,ONLINE,0000,TRF ATM REF602002,31JAN2024,USD
T000000447,A00000354,31JAN2024,WDR,30.87,POS,0000,WDR ATM REF268300,31JAN2024,USD
T000000448,A00000354,31JAN2024,FEE,12.00,BRANCH,5411,FEE BRANCH REF137584,31JAN2024,USD
T000000449,A00000354,31JAN2024,WDR,62.01,ONLINE,5411,WDR MOBILE REF153656,01FEB2024,USD
T000000450,A00000354,31JAN2024,DEP,439.91,MOBILE,7011,DEP MOBILE REF363876,31JAN2024,USD
T000000451,A00000354,31JAN2024,FEE,3.00,MOBILE,7011,FEE ONLINE REF273715,31JAN2024,USD
T000000452,A00000354,31JAN2024,DEP,62.66,ATM,5541,DEP MOBILE REF435750,31JAN2024,USD
T000000453,A00000355,31JAN2024,CHG,12.00,ATM,4900,CHG MOBILE REF273853,31JAN2024,USD
T000000454,A00000355,31JAN2024,CHG,9.95,ONLINE,6011,CHG BRANCH REF835111,31JAN2024,USD
T000000455,A00000356,31JAN2024,WDR,26.10,POS,7011,WDR WIRE REF291249,01FEB2024,USD
T000000456,A00000357,31JAN2024,WDR,40.41,BRANCH,7011,WDR BRANCH REF295088,31JAN2024,USD
T000000457,A00000358,31JAN2024,INT,85.21,ATM,5912,INT BRANCH REF696517,31JAN2024,USD
T000000458,A00000358,31JAN2024,CHG,25.00,WIRE,5541,CHG BRANCH REF779621,31JAN2024,USD
T000000459,A00000358,31JAN2024,INT,106.32,POS,5912,INT ACH REF985309,31JAN2024,USD
T000000460,A00000359,31JAN2024,PMT,488.93,BRANCH,4900,PMT ACH REF891113,31JAN2024,USD
T000000461,A00000359,31JAN2024,CHG,3.00,ACH,0000,CHG WIRE REF378668,31JAN2024,USD
T000000462,A00000359,31JAN2024,REF,1293.43,ATM,6011,REF WIRE REF774610,31JAN2024,USD
T000000463,A00000360,31JAN2024,PMT,937.43,MOBILE,5912,PMT BRANCH REF304144,01FEB2024,USD
T000000464,A00000362,31JAN2024,FEE,3.00,ATM,0000,FEE ONLINE REF730057,31JAN2024,USD
T000000465,A00000362,31JAN2024,CHG,25.00,ACH,5541,CHG ACH REF806103,31JAN2024,USD
T000000466,A00000365,31JAN2024,WDR,50.13,ACH,5812,WDR ACH REF187524,31JAN2024,USD
T000000467,A00000367,31JAN2024,WDR,131.77,ONLINE,5411,WDR ACH REF121612,31JAN2024,USD
T000000468,A00000368,31JAN2024,FEE,3.00,MOBILE,5411,FEE BRANCH REF187586,31JAN2024,USD
T000000469,A00000369,31JAN2024,PMT,1344.20,WIRE,5912,PMT ONLINE REF808406,31JAN2024,USD
T000000470,A00000370,31JAN2024,WDR,58.95,BRANCH,6011,WDR POS REF991243,31JAN2024,USD
T000000471,A00000370,31JAN2024,DEP,4.96,MOBILE,5411,DEP BRANCH REF103841,31JAN2024,USD
T000000472,A00000371,31JAN2024,ADJ,-202.03,ATM,7011,ADJ BRANCH REF204694,31JAN2024,USD
T000000473,A00000371,31JAN2024,WDR,37.62,BRANCH,0000,WDR ACH REF942375,31JAN2024,USD
T000000474,A00000372,31JAN2024,WDR,89.75,MOBILE,0000,WDR MOBILE REF302839,31JAN2024,USD
T000000475,A00000373,31JAN2024,WDR,27.66,ACH,7011,WDR MOBILE REF561191,01FEB2024,USD
T000000476,A00000374,31JAN2024,DEP,234.27,WIRE,5541,DEP POS REF689163,31JAN2024,USD
T000000477,A00000374,31JAN2024,DEP,25.22,ONLINE,5541,DEP ONLINE REF423433,31JAN2024,USD
T000000478,A00000374,31JAN2024,TRF,141.87,ACH,5541,TRF BRANCH REF131989,31JAN2024,USD
T000000479,A00000376,31JAN2024,PMT,1065.20,WIRE,5812,PMT ONLINE REF769262,31JAN2024,USD
T000000480,A00000378,31JAN2024,PMT,1581.24,MOBILE,5912,PMT ONLINE REF857135,31JAN2024,USD
T000000481,A00000379,31JAN2024,DEP,65.75,ONLINE,5812,DEP ACH REF782026,31JAN2024,USD
T000000482,A00000380,31JAN2024,WDR,321.08,BRANCH,7011,WDR WIRE REF266855,31JAN2024,USD
T000000483,A00000380,31JAN2024,WDR,315.95,WIRE,5912,WDR ONLINE REF967721,31JAN2024,USD
T000000484,A00000380,31JAN2024,INT,4.88,POS,5912,INT BRANCH REF349439,01FEB2024,USD
T000000485,A00000381,31JAN2024,REF,1593.35,ACH,4900,REF ONLINE REF758106,31JAN2024,USD
T000000486,A00000382,31JAN2024,TRF,9.48,ATM,0000,TRF ATM REF437730,01FEB2024,USD
T000000487,A00000384,31JAN2024,FEE,3.00,ACH,4900,FEE POS REF495281,31JAN2024,USD
T000000488,A00000384,31JAN2024,DEP,31.80,ONLINE,5541,DEP MOBILE REF562945,31JAN2024,USD
T000000489,A00000385,31JAN2024,INT,100.39,POS,5411,INT ATM REF558691,31JAN2024,USD
T000000490,A00000385,31JAN2024,FEE,3.00,WIRE,6011,FEE POS REF451760,31JAN2024,USD
T000000491,A00000387,31JAN2024,PMT,326.78,ATM,4900,PMT MOBILE REF743706,01FEB2024,USD
T000000492,A00000387,31JAN2024,PMT,1851.71,ATM,7011,PMT ATM REF696729,31JAN2024,USD
T000000493,A00000388,31JAN2024,PMT,2392.59,POS,5411,PMT WIRE REF833791,31JAN2024,USD
T000000494,A00000388,31JAN2024,PMT,2898.74,ATM,5411,PMT ATM REF191125,31JAN2024,USD
T000000495,A00000388,31JAN2024,PMT,1527.22,ACH,0000,PMT POS REF909539,31JAN2024,USD
T000000496,A00000388,31JAN2024,PMT,223.25,WIRE,5411,PMT BRANCH REF192694,31JAN2024,USD
T000000497,A00000388,31JAN2024,INT,180.86,ACH,5812,INT POS REF616264,31JAN2024,USD
T000000498,A00000388,31JAN2024,PMT,180.82,ACH,4900,PMT MOBILE REF366584,31JAN2024,USD
T000000499,A00000390,31JAN2024,WDR,214.08,POS,5541,WDR WIRE REF995665,31JAN2024,USD
T000000500,A00000390,31JAN2024,WDR,51.84,ONLINE,0000,WDR BRANCH REF587614,31JAN2024,USD
T000000501,A00000391,31JAN2024,INT,130.20,BRANCH,5812,INT MOBILE REF828987,01FEB2024,USD
T000000502,A00000392,31JAN2024,CHG,9.95,ONLINE,5812,CHG ONLINE REF446774,31JAN2024,USD
T000000503,A00000392,31JAN2024,CHG,12.00,POS,5411,CHG POS REF627179,31JAN2024,USD
T000000504,A00000392,31JAN2024,CHG,12.00,ATM,5812,CHG ATM REF842781,31JAN2024,USD
T000000505,A00000393,31JAN2024,CHG,25.00,WIRE,5812,CHG ONLINE REF952749,31JAN2024,USD
T000000506,A00000395,31JAN2024,PMT,1450.52,ACH,5541,PMT MOBILE REF775458,31JAN2024,USD
T000000507,A00000397,31JAN2024,CHG,12.00,WIRE,5411,CHG WIRE REF804740,31JAN2024,USD
T000000508,A00000397,31JAN2024,PMT,1487.69,MOBILE,5411,PMT ACH REF875840,31JAN2024,USD
T000000509,A00000397,31JAN2024,INT,72.86,WIRE,5411,INT ONLINE REF656708,31JAN2024,USD
T000000510,A00000400,31JAN2024,CHG,35.00,POS,5411,CHG ONLINE REF440925,31JAN2024,USD
T000000511,A00000401,31JAN2024,WDR,72.35,ONLINE,5411,WDR BRANCH REF458475,31JAN2024,USD
T000000512,A00000401,31JAN2024,DEP,47.90,ATM,6011,DEP ACH REF383922,31JAN2024,USD
T000000513,A00000403,31JAN2024,TRF,-133.33,BRANCH,5541,TRF MOBILE REF702561,31JAN2024,USD
T000000514,A00000404,31JAN2024,PMT,469.32,MOBILE,5912,PMT BRANCH REF394122,31JAN2024,USD
T000000515,A00000404,31JAN2024,CHG,9.95,WIRE,5812,CHG MOBILE REF333736,31JAN2024,USD
T000000516,A00000404,31JAN2024,INT,21.86,WIRE,5912,INT MOBILE REF523503,31JAN2024,USD
T000000517,A00000406,31JAN2024,PMT,1754.28,ACH,4900,PMT WIRE REF566444,01FEB2024,USD
T000000518,A00000406,31JAN2024,PMT,2387.31,POS,7011,PMT POS REF103521,31JAN2024,USD
T000000519,A00000408,31JAN2024,WDR,35.05,WIRE,0000,WDR WIRE REF972904,31JAN2024,USD
T000000520,A00000409,31JAN2024,CHG,9.95,BRANCH,0000,CHG WIRE REF975289,31JAN2024,USD
T000000521,A00000410,31JAN2024,PMT,2680.34,ATM,0000,PMT BRANCH REF535109,31JAN2024,USD
T000000522,A00000414,31JAN2024,FEE,9.95,BRANCH,5541,FEE ATM REF369183,31JAN2024,USD
T000000523,A00000414,31JAN2024,DEP,15.90,BRANCH,5812,DEP BRANCH REF224039,31JAN2024,USD
T000000524,A00000414,31JAN2024,WDR,8.45,POS,5912,WDR BRANCH REF835587,31JAN2024,USD
T000000525,A00000415,31JAN2024,PMT,176.02,BRANCH,5541,PMT POS REF991100,31JAN2024,USD
T000000526,A00000416,31JAN2024,TRF,95.27,ATM,0000,TRF WIRE REF900362,31JAN2024,USD
T000000527,A00000417,31JAN2024,WDR,78.95,WIRE,6011,WDR ATM REF352115,31JAN2024,USD
T000000528,A00000418,31JAN2024,WDR,13.63,WIRE,5912,WDR ATM REF639313,31JAN2024,USD
T000000529,A00000419,31JAN2024,WDR,109.95,ACH,5411,WDR ATM REF867619,31JAN2024,USD
T000000530,A00000420,31JAN2024,INT,92.91,BRANCH,5812,INT ONLINE REF241905,31JAN2024,USD
T000000531,A00000420,31JAN2024,ADJ,-1103.25,BRANCH,5912,ADJ WIRE REF858105,31JAN2024,USD
T000000532,A00000420,31JAN2024,INT,189.43,ONLINE,5541,INT ONLINE REF408344,31JAN2024,USD
T000000533,A00000421,31JAN2024,WDR,235.85,POS,6011,WDR POS REF611269,01FEB2024,USD
T000000534,A00000422,31JAN2024,TRF,-52.59,ACH,4900,TRF ATM REF955598,31JAN2024,USD
T000000535,A00000422,31JAN2024,DEP,171.54,MOBILE,4900,DEP ONLINE REF846577,31JAN2024,USD
T000000536,A00000425,31JAN2024,TRF,33.53,MOBILE,5812,TRF ONLINE REF194599,31JAN2024,USD
T000000537,A00000427,31JAN2024,WDR,43.68,ATM,5541,WDR ACH REF732111,31JAN2024,USD
T000000538,A00000427,31JAN2024,FEE,25.00,WIRE,5812,FEE ONLINE REF899841,31JAN2024,USD
T000000539,A00000427,31JAN2024,DEP,161.95,ONLINE,0000,DEP ONLINE REF936470,31JAN2024,USD
T000000540,A00000429,31JAN2024,INT,7.12,ACH,0000,INT ACH REF645730,31JAN2024,USD
T000000541,A00000429,31JAN2024,PMT,1421.93,ONLINE,5912,PMT ONLINE REF172580,01FEB2024,USD
T000000542,A00000430,31JAN2024,DEP,63.15,MOBILE,6011,DEP WIRE REF661149,01FEB2024,USD
T000000543,A00000430,31JAN2024,WDR,213.50,WIRE,5812,WDR MOBILE REF335675,01FEB2024,USD
T000000544,A00000430,31JAN2024,TRF,-101.89,BRANCH,4900,TRF POS REF430042,31JAN2024,USD
T000000545,A00000431,31JAN2024,PMT,344.12,MOBILE,5812,PMT ONLINE REF865701,31JAN2024,USD
T000000546,A00000432,31JAN2024,DEP,93.60,ONLINE,5411,DEP ACH REF775459,01FEB2024,USD
T000000547,A00000434,31JAN2024,DEP,164.93,MOBILE,5812,DEP MOBILE REF265718,01FEB2024,USD
T000000548,A00000436,31JAN2024,TRF,122.68,ATM,0000,TRF ONLINE REF663275,31JAN2024,USD
T000000549,A00000437,31JAN2024,INT,91.57,POS,7011,INT POS REF434192,01FEB2024,USD
T000000550,A00000438,31JAN2024,PMT,959.00,ACH,7011,PMT MOBILE REF380828,31JAN2024,USD
T000000551,A00000439,31JAN2024,PMT,469.32,BRANCH,5541,PMT BRANCH REF286260,31JAN2024,USD
T000000552,A00000439,31JAN2024,PMT,3093.48,POS,6011,PMT MOBILE REF516603,01FEB2024,USD
T000000553,A00000439,31JAN2024,CHG,12.00,MOBILE,7011,CHG MOBILE REF364069,31JAN2024,USD
T000000554,A00000440,31JAN2024,FEE,3.00,ATM,0000,FEE ACH REF978501,31JAN2024,USD
T000000555,A00000441,31JAN2024,CHG,12.00,BRANCH,4900,CHG ATM REF575735,31JAN2024,USD
T000000556,A00000442,31JAN2024,CHG,9.95,ONLINE,6011,CHG POS REF755002,31JAN2024,USD
T000000557,A00000444,31JAN2024,FEE,3.00,ONLINE,5541,FEE ACH REF221062,01FEB2024,USD
T000000558,A00000446,31JAN2024,WDR,108.66,ACH,6011,WDR ONLINE REF152411,31JAN2024,USD
T000000559,A00000448,31JAN2024,PMT,2372.35,ACH,0000,PMT POS REF723716,31JAN2024,USD
T000000560,A00000449,31JAN2024,TRF,31.68,ONLINE,5912,TRF ONLINE REF956633,31JAN2024,USD
T000000561,A00000450,31JAN2024,PMT,2424.03,BRANCH,0000,PMT ACH REF739982,31JAN2024,USD
T000000562,A00000451,31JAN2024,WDR,10.87,ONLINE,4900,WDR POS REF779536,31JAN2024,USD
T000000563,A00000451,31JAN2024,WDR,78.56,ONLINE,5812,WDR WIRE REF170031,31JAN2024,USD
T000000564,A00000451,31JAN2024,FEE,35.00,POS,5541,FEE ACH REF314323,31JAN2024,USD
T000000565,A00000453,31JAN2024,CHG,9.95,BRANCH,5541,CHG MOBILE REF288058,31JAN2024,USD
T000000566,A00000453,31JAN2024,PMT,1605.31,BRANCH,4900,PMT ONLINE REF471710,31JAN2024,USD
T000000567,A00000454,31JAN2024,DEP,13.69,ATM,4900,DEP ONLINE REF782221,31JAN2024,USD
T000000568,A00000454,31JAN2024,FEE,25.00,BRANCH,4900,FEE WIRE REF753687,31JAN2024,USD
T000000569,A00000455,31JAN2024,WDR,81.15,BRANCH,0000,WDR BRANCH REF383970,31JAN2024,USD
T000000570,A00000456,31JAN2024,PMT,2528.30,BRANCH,0000,PMT WIRE REF285836,01FEB2024,USD
T000000571,A00000457,31JAN2024,WDR,1361.44,POS,5411,WDR ATM REF283466,31JAN2024,USD
T000000572,A00000458,31JAN2024,WDR,23.17,MOBILE,5912,WDR MOBILE REF727690,31JAN2024,USD
T000000573,A00000459,31JAN2024,DEP,284.53,POS,4900,DEP POS REF424435,01FEB2024,USD
T000000574,A00000459,31JAN2024,DEP,442.41,ONLINE,4900,DEP MOBILE REF218573,31JAN2024,USD
T000000575,A00000459,31JAN2024,DEP,91.40,MOBILE,5812,DEP WIRE REF111071,01FEB2024,USD
T000000576,A00000459,31JAN2024,WDR,50.41,BRANCH,5541,WDR ONLINE REF651144,31JAN2024,USD
T000000577,A00000459,31JAN2024,WDR,80.44,ONLINE,6011,WDR ACH REF122734,01FEB2024,USD
T000000578,A00000459,31JAN2024,INT,172.05,BRANCH,7011,INT ATM REF998720,31JAN2024,USD
T000000579,A00000462,31JAN2024,REV,342.69,ATM,6011,REV WIRE REF438656,01FEB2024,USD
T000000580,A00000463,31JAN2024,FEE,35.00,BRANCH,5411,FEE ATM REF823592,01FEB2024,USD
T000000581,A00000463,31JAN2024,PMT,1582.88,POS,4900,PMT WIRE REF477199,31JAN2024,USD
T000000582,A00000465,31JAN2024,TRF,-2.64,POS,6011,TRF BRANCH REF188578,31JAN2024,USD
T000000583,A00000465,31JAN2024,DEP,14.85,WIRE,7011,DEP MOBILE REF358515,31JAN2024,USD
T000000584,A00000466,31JAN2024,WDR,628.44,BRANCH,5812,WDR ONLINE REF915806,01FEB2024,USD
T000000585,A00000467,31JAN2024,INT,106.12,ATM,0000,INT POS REF655915,31JAN2024,USD
T000000586,A00000467,31JAN2024,INT,200.16,MOBILE,6011,INT ONLINE REF677470,31JAN2024,USD
T000000587,A00000467,31JAN2024,PMT,1460.76,ONLINE,5812,PMT WIRE REF464774,31JAN2024,USD
T000000588,A00000468,31JAN2024,WDR,57.60,MOBILE,5411,WDR POS REF433257,01FEB2024,USD
T000000589,A00000468,31JAN2024,FEE,35.00,ONLINE,5541,FEE MOBILE REF385117,01FEB2024,USD
T000000590,A00000469,31JAN2024,CHG,25.00,POS,5411,CHG WIRE REF959454,31JAN2024,USD
T000000591,A00000469,31JAN2024,CHG,12.00,POS,7011,CHG MOBILE REF207024,31JAN2024,USD
T000000592,A00000469,31JAN2024,PMT,61.42,ACH,4900,PMT ONLINE REF314502,01FEB2024,USD
T000000593,A00000471,31JAN2024,TRF,299.00,WIRE,5541,TRF ONLINE REF300072,31JAN2024,USD
T000000594,A00000471,31JAN2024,WDR,207.75,ATM,4900,WDR BRANCH REF317586,31JAN2024,USD
T000000595,A00000471,31JAN2024,DEP,13.18,ONLINE,7011,DEP POS REF337175,31JAN2024,USD
T000000596,A00000471,31JAN2024,WDR,71.45,ONLINE,7011,WDR ATM REF885766,31JAN2024,USD
T000000597,A00000471,31JAN2024,DEP,465.59,MOBILE,6011,DEP ACH REF686190,31JAN2024,USD
T000000598,A00000471,31JAN2024,DEP,56.96,ONLINE,5912,DEP ONLINE REF850025,31JAN2024,USD
T000000599,A00000472,31JAN2024,WDR,20.07,ACH,7011,WDR MOBILE REF567890,31JAN2024,USD
T000000600,A00000474,31JAN2024,CHG,35.00,MOBILE,6011,CHG ATM REF803599,31JAN2024,USD
T000000601,A00000475,31JAN2024,FEE,3.00,ATM,5912,FEE POS REF668953,31JAN2024,USD
T000000602,A00000476,31JAN2024,PMT,2525.71,POS,6011,PMT BRANCH REF263934,31JAN2024,USD
T000000603,A00000477,31JAN2024,WDR,107345.92,ACH,4900,DEP ATM REF712090,01FEB2024,USD
T000000604,A00000478,31JAN2024,PMT,1444.58,MOBILE,0000,PMT BRANCH REF498691,31JAN2024,USD
T000000605,A00000479,31JAN2024,WDR,172.67,MOBILE,0000,WDR ACH REF635704,31JAN2024,USD
T000000606,A00000479,31JAN2024,DEP,17.40,BRANCH,6011,DEP ACH REF100324,31JAN2024,USD
T000000607,A00000480,31JAN2024,CHG,25.00,MOBILE,6011,CHG ONLINE REF993551,31JAN2024,USD
T000000608,A00000483,31JAN2024,CHG,9.95,MOBILE,4900,CHG BRANCH REF982953,31JAN2024,USD
T000000609,A00000485,31JAN2024,REV,62.48,POS,5812,REV POS REF273899,31JAN2024,USD
T000000610,A00000486,31JAN2024,WDR,1020.26,ACH,0000,WDR ONLINE REF386624,31JAN2024,USD
,A00000282,31JAN2024,WDR,555.56,WIRE,0000,WDR BRANCH REF823588,31JAN2024,USD
,A00000268,31JAN2024,WDR,142.48,MOBILE,0000,WDR MOBILE REF700134,31JAN2024,USD
T000000613,,31JAN2024,WDR,90.97,ATM,5411,WDR WIRE REF959947,31JAN2024,USD
T000000614,,31JAN2024,INT,92.63,BRANCH,0000,INT WIRE REF925766,31JAN2024,USD
T000000615,A00000306,31JAN2024,REF,,POS,7011,REF ACH REF306414,31JAN2024,USD
T000000616,A00000235,31JAN2024,FEE,,ONLINE,6011,FEE BRANCH REF747175,31JAN2024,USD
T000000617,A00000165,31JAN2024,INT,36966322.19,ACH,5411,INT ACH REF796402,31JAN2024,USD
T000000618,A00000094,31JAN2024,ADJ,28297112.25,BRANCH,0000,ADJ ACH REF812458,31JAN2024,USD
T000000619,A00000053,31JAN2024,XFR,25.00,ATM,6011,CHG ACH REF620041,31JAN2024,USD
T000000620,A00000169,31JAN2024,MISC,331.30,BRANCH,5812,PMT ACH REF845193,31JAN2024,USD
T000000621,A00000356,01FEB2024,WDR,220.89,WIRE,4900,WDR ATM REF732269,31JAN2024,USD
T000000622,A00000190,01FEB2024,INT,0.70,ACH,0000,INT BRANCH REF796840,31JAN2024,USD
