ACCOUNT_ID,CUSTOMER_ID,ACCOUNT_TYPE,ACCOUNT_STATUS,OPEN_DATE,CLOSE_DATE,CURRENT_BALANCE,AVAILABLE_BALANCE,CREDIT_LIMIT,INTEREST_RATE,BRANCH_ID,OFFICER_ID,LAST_ACTIVITY_DATE
A00000001,C0000001,CC,A,27NOV2011,,880.19,619.81,1500.00,0.2009,B015,O0088,03NOV2023
A00000002,C0000002,CD,A,28AUG2009,,125956.45,125923.90,0.00,0.047,B024,O0039,27JAN2024
A00000003,C0000002,SAV,D,16APR2011,,715.69,508.06,0.00,0.0293,B019,O0057,29JAN2024
A00000004,C0000003,MTG,A,08SEP2016,,360901.23,360731.45,0.00,0.0625,B032,O0107,29JAN2024
A00000005,C0000003,HELC,A,24FEB2011,,55331.94,194668.06,250000.00,0.1,B035,O0042,18NOV2023
A00000006,C0000004,CHK,C,06JUN2022,07JAN2024,3104.42,3045.51,0.00,0.0011,B039,O0061,24JAN2024
A00000007,C0000004,CHK,A,01DEC2012,,15972.62,15736.25,0.00,0.0009,B001,O0019,25NOV2023
A00000008,C0000005,CC,A,09MAY2011,,807.31,692.69,1500.00,0.2481,B033,O0042,13JUN2023
A00000009,C0000005,CHK,A,21SEP2007,,12997.97,12938.00,0.00,0.0011,B017,O0074,18JAN2024
A00000010,C0000005,MTG,A,30JUN2017,,518416.04,518306.90,0.00,0.0733,B028,O0081,29MAR2023
A00000011,C0000006,CC,A,17JUN2012,,2422.58,577.42,3000.00,0.2329,B046,O0070,24MAY2023
A00000012,C0000007,AUTO,S,14OCT2015,,7930.09,7842.66,0.00,0.0791,B015,O0004,18JAN2024
A00000013,C0000008,CHK,A,28APR2013,,3558.15,3479.04,0.00,0.0011,B048,O0098,22JAN2024
A00000014,C0000009,CC,S,24NOV2018,,1709.08,3290.92,5000.00,0.2175,B014,O0031,02DEC2023
A00000015,C0000010,IRA,A,28DEC2022,,21945.01,21765.25,0.00,0.0445,B038,O0033,20JAN2024
A00000016,C0000011,CD,A,25FEB2014,,15204.96,15110.58,0.00,0.0469,B032,O0070,21JAN2024
A00000017,C0000012,MMA,A,26APR2013,,31767.72,31613.65,0.00,0.037,B016,O0102,21JAN2024
A00000018,C0000012,CHK,A,13APR2023,,2366.27,2355.69,0.00,0.001,B028,O0001,18JAN2024
A00000019,C0000012,AUTO,A,23JAN2021,,20812.27,20756.07,0.00,0.0889,B009,O0059,19MAR2023
A00000020,C0000013,SAV,A,07FEB2009,,557.47,460.33,0.00,0.0359,B039,O0110,23JAN2024
A00000021,C0000013,PERS,A,03MAY2015,,2068.19,1854.76,0.00,0.1295,B044,O0004,25JAN2024
A00000022,C0000014,CD,A,22APR2017,,18142.28,18096.04,0.00,0.0531,B019,O0092,23JAN2024
A00000023,C0000014,MTG,A,29OCT2008,,127409.93,127394.46,0.00,0.0586,B006,O0120,18JAN2024
A00000024,C0000015,CC,D,29NOV2015,,2651.40,4848.60,7500.00,0.2409,B024,O0032,29JAN2024
A00000025,C0000015,IRA,A,10JAN2011,,11042.98,10936.77,0.00,0.048,B014,O0056,27DEC2023
A00000026,C0000015,MTG,A,02JUL2013,,787669.93,787545.09,0.00,0.0683,B013,O0020,19JAN2024
A00000027,C0000016,CHK,A,20MAR2017,,511.59,278.94,0.00,0.0011,B035,O0092,23JAN2024
A00000028,C0000016,AUTO,A,31MAY2020,,54313.79,54227.72,0.00,0.0725,B041,O0011,27JAN2024
A00000029,C0000017,CHK,A,25AUG2013,,72.49,44.45,0.00,0.001,B017,O0096,31JAN2024
A00000030,C0000017,SAV,D,12SEP2021,,889.92,782.30,0.00,0.0288,B040,O0073,22JAN2024
A00000031,C0000018,CHK,A,04APR2022,,98916.75,98716.39,0.00,0.0009,B023,O0037,08JAN2024
A00000032,C0000018,CHK,A,09SEP2010,,1021.52,772.07,0.00,0.001,B016,O0028,26JAN2024
A00000033,C0000018,AUTO,A,16APR2015,,40503.40,40377.49,0.00,0.0801,B013,O0030,06OCT2023
A00000034,C0000018,SAV,A,12NOV2010,,152004.63,151964.69,0.00,0.0345,B018,O0101,26JAN2024
A00000035,C0000019,AUTO,A,10JAN2016,,33340.88,33211.35,0.00,0.0736,B008,O0012,22JAN2024
A00000036,C0000019,MTG,A,04APR2021,,309131.92,309121.32,0.00,0.0609,B014,O0070,31JAN2024
A00000037,C0000020,CHK,A,03JUN2009,,3794.00,3728.30,0.00,0.0011,B026,O0002,18JAN2024
A00000038,C0000021,CD,P,21JUL2019,,86741.10,86640.84,0.00,0.0506,B009,O0094,27JAN2024
A00000039,C0000022,CHK,A,15AUG2011,,2913.01,2836.65,0.00,0.0009,B019,O0034,30JAN2024
A00000040,C0000023,CHK,A,16NOV2007,,13036.63,12788.88,0.00,0.0011,B021,O0071,20JUN2023
A00000041,C0000024,AUTO,S,20DEC2014,,47334.35,47143.58,0.00,0.0726,B012,O0089,28JAN2024
A00000042,C0000024,CC,A,21OCT2010,,5639.76,4360.24,10000.00,0.2182,B017,O0015,11OCT2023
A00000043,C0000024,CHK,A,02MAY2015,,1168.46,977.40,0.00,0.001,B009,O0075,27JAN2024
A00000044,C0000024,IRA,A,05JUL2016,,210152.84,209982.77,0.00,0.046,B019,O0041,04MAR2023
A00000045,C0000025,LOC,P,31JAN2011,,58527.67,41472.33,100000.00,0.1023,B033,O0038,30JAN2024
A00000046,C0000026,CHK,A,10AUG2007,,5288.84,5188.70,0.00,0.0009,B009,O0062,31JAN2024
A00000047,C0000026,MTG,A,16DEC2018,,132118.72,132068.52,0.00,0.0691,B013,O0008,22JAN2024
A00000048,C0000026,SAV,A,29NOV2019,,1379.74,1188.58,0.00,0.0333,B017,O0077,25JAN2024
A00000049,C0000027,MTG,A,07MAY2019,,542753.55,542652.08,0.00,0.0684,B040,O0030,18JAN2024
A00000050,C0000027,CC,A,31MAR2007,,5052.66,4947.34,10000.00,0.2337,B015,O0063,19JAN2024
A00000051,C0000027,SAV,A,23AUG2011,,2281.94,2047.39,0.00,0.0361,B012,O0067,08OCT2023
A00000052,C0000028,AUTO,A,11SEP2019,,32871.53,32704.50,0.00,0.0886,B018,O0055,22JAN2024
A00000053,C0000028,MTG,A,30JUL2011,,492287.19,492262.18,0.00,0.0725,B011,O0069,18JAN2024
A00000054,C0000028,CC,A,21APR2018,,3865.50,3634.50,7500.00,0.2309,B047,O0014,23JAN2024
A00000055,C0000029,CC,A,07JAN2017,,5691.97,4308.03,10000.00,0.2372,B022,O0117,29NOV2021
A00000056,C0000030,HELC,R,25APR2020,,30522.95,44477.05,75000.00,0.081,B006,O0110,08JUL2023
A00000057,C0000030,CC,A,19JUN2017,,6377.04,8622.96,15000.00,0.2318,B048,O0041,24JAN2024
A00000058,C0000031,CC,A,19AUG2009,,4454.81,5545.19,10000.00,0.2201,B022,O0063,22JAN2024
A00000059,C0000031,HELC,A,10APR2021,,40979.73,59020.27,100000.00,0.0933,B018,O0113,19DEC2023
A00000060,C0000032,CHK,A,25FEB2010,,2118.96,2096.71,0.00,0.001,B034,O0048,24DEC2023
A00000061,C0000033,CC,A,29AUG2017,,1926.06,5573.94,7500.00,0.2315,B023,O0094,29JAN2024
A00000062,C0000034,MMA,A,30JAN2022,,89450.20,89234.35,0.00,0.0368,B024,O0019,18JAN2024
A00000063,C0000034,MTG,A,14FEB2020,,502286.75,502056.31,0.00,0.0719,B024,O0060,21JAN2024
A00000064,C0000034,IRA,A,29NOV2023,,29272.95,29169.61,0.00,0.0429,B015,O0031,24JAN2024
A00000065,C0000035,CHK,A,03DEC2015,,2758.31,2592.08,0.00,0.001,B003,O0013,20JAN2024
A00000066,C0000036,MTG,A,09JUN2010,,798090.77,797852.69,0.00,0.0697,B046,O0018,20NOV2021
A00000067,C0000036,AUTO,A,23JAN2010,,40771.05,40703.34,0.00,0.0793,B019,O0014,23JAN2024
A00000068,C0000036,CHK,A,20SEP2019,,14053.53,13925.23,0.00,0.001,B015,O0057,21JAN2024
A00000069,C0000037,SAV,A,17JUN2014,,5664.88,5617.06,0.00,0.0313,B027,O0027,08OCT2023
A00000070,C0000038,CC,A,25JUL2020,,6153.71,3846.29,10000.00,0.2292,B038,O0030,19JAN2024
A00000071,C0000039,AUTO,A,08SEP2012,,30010.29,29951.60,0.00,0.0888,B047,O0015,16AUG2023
A00000072,C0000040,MTG,D,12MAR2008,,392924.86,392912.88,0.00,0.065,B012,O0109,12NOV2023
A00000073,C0000040,SAV,W,11JUN2015,27NOV2020,32012.84,31850.37,0.00,0.0333,B035,O0011,22AUG2021
A00000074,C0000041,CHK,F,23MAY2020,,33687.82,33610.14,0.00,0.0011,B009,O0119,22JAN2024
A00000075,C0000041,CD,A,09JAN2018,,42916.44,42751.74,0.00,0.0452,B002,O0109,28DEC2023
A00000076,C0000042,AUTO,A,15SEP2019,,44212.93,44165.35,0.00,0.0886,B030,O0118,23JAN2024
A00000077,C0000042,IRA,A,15JUN2010,,79624.67,79573.72,0.00,0.0443,B043,O0096,30JAN2024
A00000078,C0000043,MTG,S,05SEP2020,,331139.40,331086.73,0.00,0.0679,B001,O0088,27JAN2024
A00000079,C0000043,CC,A,27JUN2018,,1805.68,5694.32,7500.00,0.2027,B003,O0045,21JAN2024
A00000080,C0000044,SAV,A,16SEP2014,,3283.33,3269.35,0.00,0.0314,B025,O0048,16OCT2023
A00000081,C0000045,SAV,A,28MAR2020,,2771.61,2739.66,0.00,0.0363,B024,O0095,25JAN2024
A00000082,C0000045,CHK,A,11JUL2007,,941.93,774.25,0.00,0.0009,B018,O0002,07OCT2023
A00000083,C0000045,CHK,A,25FEB2018,,4162.21,3969.93,0.00,0.001,B022,O0111,17JAN2024
A00000084,C0000045,AUTO,A,16SEP2018,,28981.25,28786.81,0.00,0.0779,B004,O0100,26JAN2024
A00000085,C0000046,HELC,A,27JUN2018,,135572.14,114427.86,250000.00,0.0974,B023,O0014,19JAN2024
A00000086,C0000047,SAV,C,22MAY2014,17FEB2018,6194.24,5969.44,0.00,0.0287,B012,O0096,24DEC2023
A00000087,C0000048,CD,A,15DEC2012,,460447.64,460229.03,0.00,0.0524,B031,O0043,25JAN2024
A00000088,C0000048,CC,A,03JAN2010,,9516.91,5483.09,15000.00,0.2407,B010,O0087,18DEC2023
A00000089,C0000049,AUTO,A,14JAN2012,,6199.63,6062.90,0.00,0.0815,B044,O0099,31JAN2024
A00000090,C0000049,SAV,P,06AUG2011,,3623.04,3425.68,0.00,0.0356,B037,O0041,26JAN2024
A00000091,C0000050,LOC,R,20MAR2020,,20998.61,29001.39,50000.00,0.1257,B031,O0032,31JAN2024
A00000092,C0000050,AUTO,A,04DEC2019,,28524.01,28407.08,0.00,0.0746,B022,O0100,19JAN2024
A00000093,C0000051,SAV,A,12MAY2012,,-247.24,0.00,0.00,0.033,B038,O0109,28JAN2024
A00000094,C0000051,SAV,A,05MAY2022,,24262.70,24128.31,0.00,0.0334,B042,O0072,19AUG2023
A00000095,C0000052,CC,A,04MAR2018,,2259.69,7740.31,10000.00,0.2175,B026,O0102,27JAN2024
A00000096,C0000052,CD,P,20NOV2011,,38013.84,37811.91,0.00,0.0443,B018,O0027,23JAN2024
A00000097,C0000053,LOC,A,18APR2007,,10717.83,39282.17,50000.00,0.1252,B011,O0075,25JAN2024
A00000098,C0000053,CHK,A,01JUL2017,,3377.99,3277.06,0.00,0.0009,B007,O0057,31JAN2024
A00000099,C0000053,CC,A,03DEC2015,,803.24,4196.76,5000.00,0.241,B007,O0106,21JAN2024
A00000100,C0000054,PERS,D,19AUG2010,,23084.66,23063.30,0.00,0.1388,B034,O0036,18JAN2024
A00000101,C0000054,MMA,A,13MAR2015,,11110.98,10978.84,0.00,0.0397,B008,O0029,16OCT2022
A00000102,C0000055,IRA,A,14FEB2013,,15029.54,14962.36,0.00,0.0434,B045,O0015,29JAN2024
A00000103,C0000055,HELC,A,26APR2013,,7364.43,42635.57,50000.00,0.0888,B018,O0055,30NOV2023
A00000104,C0000056,CC,A,21JUL2014,,2832.19,7167.81,10000.00,0.2186,B006,O0110,28JAN2024
A00000105,C0000057,HELC,A,01JAN2011,,28830.72,121169.28,150000.00,0.0939,B047,O0110,27AUG2023
A00000106,C0000057,CHK,A,11JUN2012,,3578.56,3505.71,0.00,0.001,B014,O0042,31JAN2024
A00000107,C0000058,SAV,A,12AUG2013,,15546.84,15309.33,0.00,0.0335,B012,O0064,18JAN2024
A00000108,C0000058,CC,A,07JAN2016,,5293.37,9706.63,15000.00,0.2164,B038,O0083,24JUN2023
A00000109,C0000058,AUTO,A,01JUN2007,,46732.36,46635.31,0.00,0.0874,B017,O0069,24JAN2024
A00000110,C0000059,CC,A,06JUN2016,,5025.19,0.00,5000.00,0.2049,B014,O0092,20JAN2024
A00000111,C0000059,CC,A,04OCT2020,,6877.08,18122.92,25000.00,0.2434,B034,O0091,27JAN2024
A00000112,C0000060,CC,A,27MAR2023,,707.96,792.04,1500.00,0.2028,B039,O0022,16OCT2023
A00000113,C0000061,CHK,A,13SEP2009,,12229.89,12063.47,0.00,0.001,B009,O0113,26JAN2024
A00000114,C0000062,CHK,A,20JUN2009,,3347.80,3239.63,0.00,0.0009,B003,O0112,24JAN2024
A00000115,C0000062,SAV,A,20MAY2008,,3550.14,3491.19,0.00,0.0293,B002,O0101,25JAN2024
A00000116,C0000063,CC,W,20OCT2013,03APR2018,3301.24,1698.76,5000.00,0.22,B044,O0027,14NOV2021
A00000117,C0000064,CHK,A,08JAN2011,,37035.60,36796.92,0.00,0.0009,B031,O0119,23JAN2024
A00000118,C0000065,SAV,A,26MAR2020,,241343.07,241333.16,0.00,0.0345,B040,O0021,13DEC2023
A00000119,C0000065,CD,A,10MAY2019,,147892.50,147767.43,0.00,0.0472,B015,O0071,25JAN2024
A00000120,C0000065,SAV,A,10AUG2022,,1293.60,1177.38,0.00,0.0342,B044,O0083,23JAN2024
A00000121,C0000066,CC,A,26JUN2018,,3037.79,0.00,3000.00,0.1995,B024,O0106,13DEC2023
A00000122,C0000067,CC,R,27MAY2020,,7492.16,2507.84,10000.00,0.238,B020,O0046,21JAN2024
A00000123,C0000067,CC,A,19MAR2022,,4021.72,3478.28,7500.00,0.211,B009,O0023,22JAN2024
A00000124,C0000067,AUTO,A,14APR2022,,16953.65,16728.04,0.00,0.0884,B029,O0120,25JAN2024
A00000125,C0000068,MMA,A,30JUN2021,,60158.99,60104.65,0.00,0.0371,B003,O0099,17JAN2024
A00000126,C0000069,AUTO,F,18FEB2010,,4597.41,4381.40,0.00,0.0706,B028,O0092,24DEC2023
A00000127,C0000069,CHK,D,13NOV2013,,93.17,64.59,0.00,0.0011,B036,O0109,27MAR2023
A00000128,C0000070,CHK,A,17MAY2011,,7631.36,7525.66,0.00,0.001,B033,O0105,24JAN2024
A00000129,C0000070,MTG,A,04JUL2016,,392936.03,392915.79,0.00,0.0663,B028,O0029,14NOV2023
A00000130,C0000071,MTG,A,18SEP2013,,492263.78,492078.84,0.00,0.0652,B035,O0053,26NOV2023
A00000131,C0000071,SAV,W,02JAN2012,16MAR2015,2655.92,2493.24,0.00,0.0316,B028,O0100,19JAN2024
A00000132,C0000071,CHK,A,24FEB2020,,6682.73,6565.46,0.00,0.0011,B045,O0053,26JAN2024
A00000133,C0000071,CHK,A,10NOV2016,,741.69,588.93,0.00,0.001,B047,O0072,28NOV2023
A00000134,C0000072,CC,A,19JUN2019,,6329.91,8670.09,15000.00,0.2433,B039,O0027,29OCT2023
A00000135,C0000072,CC,A,02JUL2010,,2680.14,4819.86,7500.00,0.2207,B006,O0029,22FEB2023
A00000136,C0000073,CHK,A,10APR2021,,1803.71,1559.18,0.00,0.001,B045,O0016,16DEC2023
A00000137,C0000073,CD,A,02JUN2007,,36028.71,35922.38,0.00,0.0525,B021,O0087,21JAN2024
A00000138,C0000073,CD,A,29SEP2017,,40862.06,40844.65,0.00,0.0511,B032,O0050,18JAN2024
A00000139,C0000074,MTG,A,25APR2014,,724499.76,724263.41,0.00,0.0639,B012,O0036,25JAN2024
A00000140,C0000075,CD,D,14JUL2014,,65788.01,65745.95,0.00,0.0436,B043,O0007,29JAN2024
A00000141,C0000075,SAV,A,06FEB2020,,-500.69,0.00,0.00,0.0356,B037,O0095,31JAN2024
A00000142,C0000076,CHK,A,01NOV2011,,1624.52,1406.98,0.00,0.001,B014,O0017,27JAN2024
A00000143,C0000076,MMA,A,28MAY2019,,14659.06,14474.97,0.00,0.0401,B027,O0088,23JAN2024
A00000144,C0000077,IRA,A,11NOV2007,,21539.45,21334.70,0.00,0.0415,B033,O0080,29DEC2023
A00000145,C0000077,CC,A,23MAY2014,,2510.92,4989.08,7500.00,0.2349,B002,O0013,19JAN2024
A00000146,C0000078,CHK,A,20DEC2008,,2667.92,2421.64,0.00,0.0009,B017,O0069,22JAN2024
A00000147,C0000078,SAV,A,12APR2012,,7273.38,7124.53,0.00,0.0311,B021,O0061,19JAN2024
A00000148,C0000078,CHK,A,18NOV2014,,782.37,678.59,0.00,0.0009,B017,O0041,27JAN2024
A00000149,C0000079,CHK,D,19NOV2019,,1614.48,1607.27,0.00,0.001,B022,O0107,30JAN2024
A00000150,C0000079,LOC,D,18APR2010,,11522.37,13477.63,25000.00,0.1048,B010,O0028,15AUG2023
A00000151,C0000080,MTG,D,04MAY2012,,270172.44,270171.78,0.00,0.0704,B009,O0116,17JAN2024
A00000152,C0000080,SAV,A,11DEC2017,,2202.79,2030.29,0.00,0.0296,B035,O0045,11FEB2023
A00000153,C0000080,SAV,A,15DEC2017,,765.58,537.78,0.00,0.0345,B016,O0071,25JAN2024
A00000154,C0000080,CHK,A,05MAR2008,,404.37,374.90,0.00,0.001,B042,O0061,29JAN2024
A00000155,C0000081,SAV,F,13MAR2019,,3928.91,3746.42,0.00,0.0354,B006,O0015,29JAN2024
A00000156,C0000081,AUTO,A,11FEB2020,,55884.52,55871.12,0.00,0.0746,B023,O0087,22DEC2023
A00000157,C0000082,CC,A,24NOV2018,,37.88,1462.12,1500.00,0.2484,B043,O0092,25JAN2024
A00000158,C0000082,CD,S,15FEB2023,,237975.43,237875.97,0.00,0.0518,B035,O0045,20NOV2023
A00000159,C0000082,SAV,A,11SEP2009,,-1812.97,0.00,0.00,0.0318,B007,O0077,18JAN2024
A00000160,C0000083,CHK,A,09SEP2016,,15339.03,15091.83,0.00,0.0009,B005,O0087,22JAN2024
A00000161,C0000083,CD,A,15MAR2007,,128954.31,128732.14,0.00,0.0429,B003,O0008,18JAN2024
A00000162,C0000084,CHK,S,15SEP2009,,5839.34,5754.18,0.00,0.001,B045,O0028,28JAN2024
A00000163,C0000084,CC,A,28MAR2021,,8098.19,16901.81,25000.00,0.2088,B013,O0006,30JAN2024
A00000164,C0000085,SAV,P,01NOV2020,,882.97,784.54,0.00,0.032,B017,O0077,27NOV2023
A00000165,C0000086,MMA,A,25JUL2009,,6558.02,6519.57,0.00,0.0446,B042,O0062,30JAN2024
A00000166,C0000087,CHK,A,04JUL2008,,1461.02,1393.28,0.00,0.0009,B035,O0064,28JAN2024
A00000167,C0000088,LOC,S,26JUL2014,,3152.16,21847.84,25000.00,0.1158,B023,O0049,15AUG2023
A00000168,C0000088,CHK,W,08NOV2007,29NOV2008,6446.58,6343.26,0.00,0.0011,B044,O0007,17JAN2024
A00000169,C0000089,MTG,A,28DEC2021,,155424.91,155273.34,0.00,0.0613,B045,O0096,19JAN2024
A00000170,C0000090,CHK,A,07FEB2013,,629.20,552.78,0.00,0.001,B033,O0109,17JAN2024
A00000171,C0000090,HELC,A,18OCT2018,,8293.03,41706.97,50000.00,0.1,B022,O0116,29JAN2024
A00000172,C0000091,HELC,P,15JUL2019,,33477.23,116522.77,150000.00,0.0965,B022,O0065,17JAN2024
A00000173,C0000091,MTG,A,31DEC2017,,387883.94,387807.98,0.00,0.0732,B014,O0091,21AUG2023
A00000174,C0000092,MTG,A,03MAY2019,,755173.82,754933.81,0.00,0.0673,B007,O0082,13JUL2023
A00000175,C0000092,SAV,A,12OCT2017,,30334.47,30221.08,0.00,0.0354,B007,O0011,18JAN2024
A00000176,C0000093,SAV,A,21APR2019,,478.13,262.39,0.00,0.0293,B030,O0120,28NOV2023
A00000177,C0000093,PERS,A,13OCT2009,,29702.10,29465.97,0.00,0.1272,B021,O0086,24JAN2024
A00000178,C0000093,AUTO,A,24JUN2016,,13553.48,13325.28,0.00,0.0823,B040,O0083,20NOV2023
A00000179,C0000094,MTG,A,20JUN2008,,212965.58,212841.12,0.00,0.0691,B014,O0092,27JAN2024
A00000180,C0000095,SAV,R,28DEC2007,,11170.40,11124.02,0.00,0.0307,B033,O0096,11SEP2023
A00000181,C0000095,MTG,A,09JUN2008,,474119.93,473902.90,0.00,0.0668,B046,O0066,22JAN2024
A00000182,C0000095,MMA,A,19OCT2015,,107085.87,107028.50,0.00,0.0404,B030,O0093,11MAY2022
A00000183,C0000096,CHK,A,19JUN2016,,668.96,598.93,0.00,0.0011,B031,O0055,25OCT2023
A00000184,C0000097,CHK,A,08AUG2011,,472.75,291.85,0.00,0.001,B044,O0022,18JAN2024
A00000185,C0000097,SAV,A,05DEC2015,,5516.21,5371.55,0.00,0.0295,B021,O0039,30JAN2024
A00000186,C0000098,MTG,D,25JUL2022,,580109.72,580023.05,0.00,0.061,B011,O0092,21JAN2024
A00000187,C0000098,MTG,A,14SEP2021,,551888.67,551824.52,0.00,0.0641,B046,O0038,20JAN2024
A00000188,C0000098,MTG,A,08OCT2009,,766914.30,766833.17,0.00,0.0678,B003,O0095,17JAN2024
A00000189,C0000099,CHK,A,27JUN2013,,9004.29,8963.98,0.00,0.001,B005,O0086,27JAN2024
A00000190,C0000099,MTG,A,23SEP2016,,469742.87,469499.42,0.00,0.0616,B040,O0017,13NOV2021
A00000191,C0000099,CHK,A,03OCT2007,,864.02,624.58,0.00,0.0009,B038,O0115,24JAN2023
A00000192,C0000100,AUTO,D,26OCT2011,,31513.61,31295.23,0.00,0.084,B015,O0035,27JAN2024
A00000193,C0000101,CHK,A,13AUG2022,,1031.04,809.35,0.00,0.0011,B023,O0022,18JAN2024
A00000194,C0000101,CC,A,13JUL2020,,4444.47,20555.53,25000.00,0.2114,B041,O0085,18NOV2022
A00000195,C0000101,CC,A,17OCT2017,,3122.54,6877.46,10000.00,0.2181,B011,O0044,26JAN2024
A00000196,C0000101,CD,A,17AUG2015,,25608.92,25508.60,0.00,0.0447,B001,O0001,01DEC2023
A00000197,C0000102,MTG,A,30SEP2007,,156819.42,156782.87,0.00,0.0647,B032,O0070,29JAN2024
A00000198,C0000102,CD,A,27SEP2015,,40407.73,40268.70,0.00,0.0515,B022,O0059,29DEC2023
A00000199,C0000103,MTG,A,09AUG2008,,328892.25,328645.26,0.00,0.0634,B039,O0100,18JAN2024
A00000200,C0000103,CHK,A,17MAR2019,,6608.94,6593.90,0.00,0.0011,B027,O0039,18JUL2023
A00000201,C0000103,AUTO,A,06NOV2018,,61241.54,61061.87,0.00,0.0841,B035,O0030,07DEC2023
A00000202,C0000104,CC,A,24DEC2022,,26923.48,0.00,25000.00,0.2511,B028,O0065,28JAN2024
A00000203,C0000105,CHK,D,04AUG2016,,3914.03,3737.65,0.00,0.0009,B011,O0031,13APR2023
A00000204,C0000105,HELC,A,06MAY2021,,53817.32,46182.68,100000.00,0.0915,B032,O0051,22JAN2024
A00000205,C0000106,LOC,A,19OCT2014,,30055.02,69944.98,100000.00,0.1121,B017,O0091,30NOV2023
A00000206,C0000107,PERS,D,26SEP2014,,35007.90,34864.02,0.00,0.1545,B037,O0031,03JAN2024
A00000207,C0000108,CC,A,08FEB2017,,7429.09,7570.91,15000.00,0.2489,B005,O0027,22JAN2024
A00000208,C0000109,SAV,A,18JUL2015,,2407.64,2364.09,0.00,0.0326,B043,O0020,18DEC2023
A00000209,C0000110,SAV,A,28NOV2021,,24567.09,24560.44,0.00,0.0288,B019,O0060,10JAN2024
A00000210,C0000110,CC,A,25OCT2008,,2705.99,7294.01,10000.00,0.2449,B025,O0088,31JAN2024
A00000211,C0000110,CHK,A,14AUG2009,,575.05,391.47,0.00,0.001,B018,O0016,08MAY2023
A00000212,C0000111,LOC,A,18APR2021,,10444.85,89555.15,100000.00,0.117,B043,O0086,17JAN2024
A00000213,C0000111,CC,A,07NOV2010,,3538.52,11461.48,15000.00,0.2182,B021,O0051,27JAN2024
A00000214,C0000112,CC,A,11MAR2020,,5511.35,19488.65,25000.00,0.246,B002,O0060,21JAN2024
A00000215,C0000113,CC,F,01AUG2019,,5456.75,4543.25,10000.00,0.217,B009,O0028,08OCT2023
A00000216,C0000113,MMA,A,15MAR2020,,223745.05,223695.59,0.00,0.0371,B009,O0009,15DEC2023
A00000217,C0000114,AUTO,A,09APR2012,,20766.64,20693.29,0.00,0.0855,B011,O0045,28JAN2024
A00000218,C0000115,CD,A,14APR2010,,65969.01,65768.22,0.00,0.0514,B016,O0044,14APR2023
A00000219,C0000116,MTG,A,18FEB2008,,138748.84,138553.53,0.00,0.0642,B011,O0054,18JAN2024
A00000220,C0000116,CC,A,05SEP2020,,2290.71,5209.29,7500.00,0.2383,B040,O0115,17JAN2024
A00000221,C0000116,CC,D,31MAR2023,,1286.93,213.07,1500.00,0.2211,B015,O0088,03NOV2023
A00000222,C0000117,PERS,A,14DEC2023,,28092.93,28075.13,0.00,0.1557,B015,O0027,26JAN2024
A00000223,C0000117,CHK,A,16AUG2016,,33685.09,33623.13,0.00,0.0011,B014,O0089,11NOV2022
A00000224,C0000118,PERS,A,24OCT2019,,32974.08,32770.57,0.00,0.1366,B012,O0049,09NOV2023
A00000225,C0000118,PERS,A,06AUG2011,,27386.39,27142.71,0.00,0.1365,B014,O0059,02NOV2023
A00000226,C0000118,SAV,A,20OCT2021,,12320.19,12314.08,0.00,0.0328,B018,O0014,25JAN2024
A00000227,C0000118,MMA,A,25FEB2017,,312712.40,312577.10,0.00,0.0389,B042,O0034,27JAN2024
A00000228,C0000119,CHK,A,16FEB2015,,2041.55,1816.95,0.00,0.001,B008,O0042,13DEC2023
A00000229,C0000120,CHK,A,07OCT2011,,2489.21,2348.63,0.00,0.001,B021,O0039,22OCT2023
A00000230,C0000120,MTG,A,18DEC2017,,160984.52,160866.89,0.00,0.0704,B025,O0011,29JAN2024
A00000231,C0000120,SAV,A,01SEP2015,,28375.84,28272.38,0.00,0.0304,B010,O0092,15NOV2023
A00000232,C0000121,CC,R,16SEP2022,,963.93,536.07,1500.00,0.219,B024,O0081,27JAN2024
A00000233,C0000122,SAV,A,15SEP2009,,703.02,651.77,0.00,0.0337,B048,O0120,26JAN2024
A00000234,C0000123,CHK,A,05JUL2021,,6259.48,6210.09,0.00,0.0009,B027,O0079,30JAN2024
A00000235,C0000123,SAV,A,19FEB2010,,4973.04,4911.21,0.00,0.0289,B025,O0061,30JAN2024
A00000236,C0000124,CD,D,25MAY2016,,125081.27,124861.87,0.00,0.0496,B023,O0040,19JAN2024
A00000237,C0000125,SAV,A,01OCT2017,,3744.76,3563.57,0.00,0.0306,B033,O0052,31JAN2024
A00000238,C0000125,CC,A,20JAN2020,,870.83,629.17,1500.00,0.2003,B037,O0078,31JAN2024
A00000239,C0000126,MTG,A,05OCT2020,,300050.62,299949.09,0.00,0.0733,B034,O0083,27JAN2024
A00000240,C0000126,PERS,P,11JUN2020,,41164.49,40974.91,0.00,0.1401,B030,O0055,26JAN2024
A00000241,C0000126,MMA,A,02OCT2017,,118450.58,118409.93,0.00,0.0391,B020,O0021,20SEP2023
A00000242,C0000127,MMA,A,15DEC2012,,5075.39,4864.46,0.00,0.042,B031,O0047,12MAY2022
A00000243,C0000128,SAV,A,22AUG2008,,1235.81,1146.80,0.00,0.0347,B027,O0005,22MAY2023
A00000244,C0000128,LOC,A,23FEB2008,,37736.53,62263.47,100000.00,0.1142,B030,O0009,26OCT2023
A00000245,C0000129,CHK,A,06FEB2015,,1426.03,1208.59,0.00,0.0011,B026,O0100,29JAN2024
A00000246,C0000129,AUTO,A,15MAR2021,,54895.67,54816.63,0.00,0.074,B005,O0106,27JUL2023
A00000247,C0000130,CC,A,30JAN2008,,345.99,2654.01,3000.00,0.2126,B033,O0044,16APR2023
A00000248,C0000131,CC,A,13DEC2014,,453.21,1046.79,1500.00,0.2219,B023,O0065,17JAN2024
A00000249,C0000131,SAV,A,26AUG2018,,-668.58,0.00,0.00,0.0299,B044,O0059,28JAN2024
A00000250,C0000131,PERS,A,01OCT2007,,40812.01,40616.05,0.00,0.1406,B009,O0035,20SEP2023
A00000251,C0000132,MTG,D,22DEC2015,,132337.87,132146.96,0.00,0.0711,B005,O0117,27DEC2023
A00000252,C0000132,AUTO,A,17JUL2022,,36734.63,36607.88,0.00,0.0829,B005,O0008,18JAN2024
A00000253,C0000133,IRA,A,22APR2019,,33377.32,33341.23,0.00,0.048,B034,O0005,16JAN2024
A00000254,C0000133,MTG,A,10NOV2016,,727444.58,727443.46,0.00,0.0684,B032,O0107,20JAN2024
A00000255,C0000134,CHK,A,28APR2011,,9747.99,9733.27,0.00,0.0009,B021,O0045,29JAN2024
A00000256,C0000135,CC,A,06JAN2008,,742.13,2257.87,3000.00,0.2376,B010,O0023,23JAN2024
A00000257,C0000135,AUTO,A,29DEC2008,,16819.37,16574.78,0.00,0.0724,B023,O0001,26JAN2024
A00000258,C0000135,SAV,A,04MAR2010,,5515.07,5289.20,0.00,0.0333,B035,O0026,24JAN2024
A00000259,C0000136,CC,A,14APR2008,,1005.41,1994.59,3000.00,0.2175,B009,O0070,23JAN2024
A00000260,C0000136,MTG,D,16FEB2012,,784004.07,783972.37,0.00,0.066,B005,O0078,19JAN2024
A00000261,C0000136,IRA,A,24DEC2008,,206471.77,206448.03,0.00,0.0446,B006,O0044,19OCT2023
A00000262,C0000136,SAV,A,30AUG2021,,619.89,371.79,0.00,0.0303,B016,O0048,30JAN2024
A00000263,C0000137,LOC,C,03JUN2016,26DEC2023,5508.17,19491.83,25000.00,0.1197,B009,O0004,23JAN2024
A00000264,C0000137,SAV,A,29APR2019,,-1550.66,0.00,0.00,0.0358,B021,O0037,19JAN2024
A00000265,C0000137,MTG,A,18MAR2010,,666851.08,666705.49,0.00,0.0628,B037,O0039,21JAN2024
A00000266,C0000138,CC,A,21AUG2019,,145.45,1354.55,1500.00,0.2449,B031,O0022,21JAN2024
A00000267,C0000139,MTG,A,20OCT2008,,587450.62,587234.74,0.00,0.0604,B041,O0001,20JAN2024
A00000268,C0000139,CHK,A,05MAR2012,,2048.51,2002.54,0.00,0.0011,B041,O0098,18JAN2024
A00000269,C0000140,CC,C,27JUN2017,03JAN2024,6161.31,18838.69,25000.00,0.2183,B045,O0117,24JAN2024
A00000270,C0000140,CC,A,11JUL2011,,2158.81,2841.19,5000.00,0.2017,B023,O0016,31JAN2024
A00000271,C0000140,CHK,A,16AUG2008,,1238.12,1020.31,0.00,0.001,B014,O0096,23JAN2024
A00000272,C0000141,MTG,A,05MAY2017,,434898.35,434692.73,0.00,0.0691,B013,O0106,21JAN2024
A00000273,C0000141,AUTO,W,24JUL2016,26AUG2017,39604.26,39470.96,0.00,0.0784,B047,O0087,20JAN2024
A00000274,C0000142,CC,A,19SEP2013,,1236.27,3763.73,5000.00,0.2231,B002,O0102,21JAN2024
A00000275,C0000142,CC,A,08AUG2014,,598.36,901.64,1500.00,0.2376,B039,O0064,30JAN2024
A00000276,C0000143,HELC,F,09APR2017,,65614.44,84385.56,150000.00,0.0868,B047,O0093,28JAN2024
A00000277,C0000143,AUTO,A,16JUN2023,,32888.45,32822.10,0.00,0.0823,B047,O0090,29JAN2024
A00000278,C0000144,CHK,A,18JUN2018,,20627.59,20491.16,0.00,0.0009,B004,O0112,24OCT2023
A00000279,C0000144,CC,A,11JAN2022,,3058.49,6941.51,10000.00,0.2074,B016,O0110,18JAN2024
A00000280,C0000145,CC,A,30APR2013,,5435.69,19564.31,25000.00,0.2483,B006,O0020,19JAN2024
A00000281,C0000146,MMA,A,03MAY2008,,161922.92,161912.79,0.00,0.0381,B045,O0082,06FEB2023
A00000282,C0000146,SAV,A,06MAR2014,,45287.10,45282.62,0.00,0.0311,B031,O0008,17JAN2023
A00000283,C0000146,CHK,A,25FEB2013,,5185.67,5072.30,0.00,0.0011,B037,O0028,31JAN2024
A00000284,C0000147,PERS,A,27APR2020,,43582.97,43559.33,0.00,0.1236,B028,O0107,22NOV2023
A00000285,C0000147,CD,R,28DEC2021,,60153.85,60008.01,0.00,0.05,B007,O0069,26JAN2024
A00000286,C0000147,SAV,A,07MAR2016,,5784.15,5748.37,0.00,0.0345,B037,O0102,09OCT2023
A00000287,C0000148,MTG,C,12MAY2022,07DEC2023,416926.24,416921.36,0.00,0.0704,B042,O0031,22JAN2024
A00000288,C0000148,AUTO,D,04AUG2016,,46236.39,46028.05,0.00,0.0763,B033,O0109,24JAN2024
A00000289,C0000148,SAV,A,09NOV2022,,3141.19,3037.11,0.00,0.0301,B045,O0109,25JAN2024
A00000290,C0000148,CC,A,13DEC2014,,1342.61,1657.39,3000.00,0.2256,B023,O0090,24JAN2024
A00000291,C0000149,CHK,A,07AUG2015,,819909.15,819899.96,0.00,0.0011,B009,O0025,04APR2022
A00000292,C0000150,SAV,A,14MAY2007,,9411.55,9225.05,0.00,0.0342,B005,O0058,17JAN2024
A00000293,C0000150,PERS,A,24NOV2009,,41297.28,41143.39,0.00,0.1234,B024,O0069,30JAN2024
A00000294,C0000151,CC,A,14DEC2022,,2833.64,2166.36,5000.00,0.242,B012,O0088,27JUL2023
A00000295,C0000152,CHK,A,12JUN2019,,2487.16,2476.03,0.00,0.001,B012,O0116,30JAN2024
A00000296,C0000153,SAV,A,16MAY2018,,735.04,574.24,0.00,0.0291,B048,O0036,30JAN2024
A00000297,C0000154,LOC,A,13AUG2008,,2249.32,7750.68,10000.00,0.1081,B001,O0076,13OCT2023
A00000298,C0000154,LOC,C,05AUG2021,24DEC2023,6986.58,18013.42,25000.00,0.1157,B043,O0099,17JAN2024
A00000299,C0000155,SAV,A,04DEC2017,,9646.68,9451.51,0.00,0.0341,B010,O0060,23JAN2024
A00000300,C0000155,CC,A,21OCT2014,,9832.93,167.07,10000.00,0.2043,B048,O0008,18JAN2024
A00000301,C0000156,CC,A,02AUG2012,,1133.34,1866.66,3000.00,0.2197,B018,O0029,25JAN2024
A00000302,C0000156,SAV,A,09MAR2009,,8457.21,8260.25,0.00,0.0359,B036,O0058,21JAN2024
A00000303,C0000156,CHK,A,25DEC2015,,4549.52,4462.44,0.00,0.0011,B006,O0033,21JAN2024
A00000304,C0000157,CC,A,27NOV2014,,4874.86,125.14,5000.00,0.2489,B044,O0003,04DEC2023
A00000305,C0000157,PERS,A,15SEP2022,,9162.26,9066.61,0.00,0.1281,B026,O0057,24JAN2024
A00000306,C0000158,MTG,A,12APR2009,,817778.09,817574.47,0.00,0.0601,B037,O0082,09JAN2024
A00000307,C0000158,CHK,W,20APR2008,19OCT2008,1158.33,909.78,0.00,0.0011,B009,O0093,29JAN2024
A00000308,C0000158,CHK,A,23MAR2013,,23541.87,23507.15,0.00,0.0009,B045,O0007,27JAN2024
A00000309,C0000159,LOC,A,16JUN2020,,10200.56,39799.44,50000.00,0.1062,B028,O0010,22JAN2024
A00000310,C0000159,MTG,A,25FEB2007,,651563.23,651344.96,0.00,0.0672,B008,O0034,21JAN2024
A00000311,C0000159,SAV,A,11NOV2007,,2412.48,2407.28,0.00,0.0349,B016,O0081,27JAN2024
A00000312,C0000160,HELC,A,19FEB2009,,37050.30,212949.70,250000.00,0.0934,B024,O0089,05APR2023
A00000313,C0000161,SAV,A,08FEB2009,,6775.84,6662.92,0.00,0.0358,B016,O0108,14OCT2023
A00000314,C0000161,AUTO,A,23JAN2019,,40782.09,40538.68,0.00,0.0708,B036,O0025,20DEC2023
A00000315,C0000161,MTG,A,19FEB2007,,174576.14,174327.06,0.00,0.0665,B046,O0051,25JAN2024
A00000316,C0000162,SAV,A,04SEP2013,,22596.75,22567.14,0.00,0.0297,B020,O0058,23JAN2024
A00000317,C0000163,IRA,C,08AUG2016,05SEP2018,32211.01,31983.13,0.00,0.0469,B015,O0095,19JAN2024
A00000318,C0000164,CHK,A,09MAY2018,,22342.61,22210.17,0.00,0.0011,B009,O0061,06JUL2023
A00000319,C0000164,IRA,A,10DEC2019,,107173.03,107158.88,0.00,0.0437,B041,O0079,23JAN2024
A00000320,C0000165,CHK,A,12AUG2014,,7069.05,6946.05,0.00,0.0011,B019,O0066,28JAN2024
A00000321,C0000166,CHK,A,01JAN2023,,36352.92,36235.24,0.00,0.0011,B041,O0001,23JAN2024
A00000322,C0000167,LOC,R,06JUN2007,,14366.16,35633.84,50000.00,0.1091,B014,O0116,19JAN2024
A00000323,C0000167,AUTO,R,31DEC2022,,12381.19,12143.57,0.00,0.0882,B008,O0008,23JAN2024
A00000324,C0000168,CC,A,28FEB2011,,1324.92,1675.08,3000.00,0.2352,B008,O0078,30JAN2024
A00000325,C0000168,MTG,A,16NOV2023,,695771.64,695533.51,0.00,0.0669,B015,O0001,30DEC2023
A00000326,C0000169,HELC,A,18JUL2007,,253046.66,0.00,250000.00,0.0809,B007,O0113,16FEB2023
A00000327,C0000169,CHK,A,22JAN2019,,1508.55,1338.92,0.00,0.0009,B009,O0088,19OCT2023
A00000328,C0000170,CD,A,16OCT2009,,18853.25,18726.11,0.00,0.0535,B012,O0009,18DEC2023
A00000329,C0000170,CC,A,01APR2010,,3078.90,0.00,3000.00,0.2225,B040,O0080,26NOV2023
A00000330,C0000170,CC,A,12OCT2012,,1051.31,448.69,1500.00,0.2194,B010,O0055,05OCT2023
A00000331,C0000171,MMA,A,12OCT2021,,55281.79,55068.16,0.00,0.0418,B046,O0120,17JAN2024
A00000332,C0000171,PERS,A,05MAR2015,,37613.97,37540.59,0.00,0.1297,B026,O0062,07JAN2024
A00000333,C0000172,CC,A,23JUL2010,,5913.13,1586.87,7500.00,0.2214,B023,O0095,17JAN2024
A00000334,C0000173,MMA,D,22DEC2012,,20169.41,20112.07,0.00,0.0434,B026,O0033,19JAN2024
A00000335,C0000173,MTG,D,22OCT2007,,709489.91,709423.84,0.00,0.0678,B013,O0044,17JAN2024
A00000336,C0000174,SAV,A,20MAY2014,,38631.63,38391.37,0.00,0.0298,B009,O0099,23JAN2024
A00000337,C0000174,MTG,A,30JUN2011,,286921.78,286812.96,0.00,0.0637,B016,O0007,17JAN2024
A00000338,C0000174,IRA,A,25OCT2021,,176537.84,176536.72,0.00,0.0492,B011,O0104,20JAN2024
A00000339,C0000174,CC,A,24MAR2022,,5700.36,9299.64,15000.00,0.2407,B003,O0074,23JAN2024
A00000340,C0000175,CHK,C,08MAY2014,19DEC2020,11518.78,11493.51,0.00,0.0009,B015,O0017,01JUN2023
A00000341,C0000176,MTG,A,17MAY2018,,429685.68,429538.57,0.00,0.0627,B047,O0117,21JAN2024
A00000342,C0000176,CHK,A,26APR2008,,2733.39,2665.23,0.00,0.001,B013,O0042,31JAN2024
A00000343,C0000177,CHK,A,09MAY2012,,158863.60,158730.82,0.00,0.0011,B002,O0060,25JAN2024
A00000344,C0000178,MTG,A,05NOV2021,,557733.42,557722.11,0.00,0.063,B040,O0043,14NOV2023
A00000345,C0000178,CHK,R,29DEC2011,,3223.77,3011.05,0.00,0.0009,B025,O0059,30JAN2024
A00000346,C0000179,MTG,F,08DEC2016,,407249.67,407131.75,0.00,0.0654,B021,O0041,23OCT2023
A00000347,C0000180,CHK,A,23JAN2012,,31691.08,31462.47,0.00,0.0011,B005,O0085,10NOV2023
A00000348,C0000180,CC,A,28NOV2017,,686.97,813.03,1500.00,0.2305,B004,O0115,20JAN2024
A00000349,C0000181,HELC,F,30DEC2018,,38103.41,211896.59,250000.00,0.0847,B002,O0095,26JAN2024
A00000350,C0000182,AUTO,A,22MAY2022,,46092.89,46006.74,0.00,0.0862,B020,O0003,19JAN2024
A00000351,C0000182,MTG,A,13MAR2021,,589461.08,589349.14,0.00,0.0621,B015,O0067,17JAN2024
A00000352,C0000183,CC,C,07MAY2010,12AUG2010,1926.27,23073.73,25000.00,0.2042,B016,O0015,29JUN2023
A00000353,C0000184,CD,A,16OCT2013,,-1242.33,0.00,0.00,0.0463,B032,O0030,22JAN2024
A00000354,C0000185,MMA,A,09NOV2021,,22291.13,22235.83,0.00,0.0394,B040,O0096,26DEC2023
A00000355,C0000185,CC,A,17NOV2012,,722.95,2277.05,3000.00,0.2328,B010,O0054,26JAN2024
A00000356,C0000186,CHK,A,22OCT2013,,2050.73,2042.43,0.00,0.0009,B027,O0049,18JAN2024
A00000357,C0000186,CHK,A,18NOV2021,,2812.36,2581.73,0.00,0.0009,B037,O0099,24JAN2024
A00000358,C0000187,CC,A,14JUL2017,,15770.04,9229.96,25000.00,0.2036,B041,O0075,18JAN2024
A00000359,C0000187,CC,A,16JUL2013,,2833.48,4666.52,7500.00,0.2401,B012,O0026,04OCT2023
A00000360,C0000187,CC,A,07JAN2012,,6191.29,18808.71,25000.00,0.2482,B043,O0105,24NOV2023
A00000361,C0000187,PERS,A,01OCT2019,,35261.24,35259.06,0.00,0.1285,B047,O0069,26JAN2024
A00000362,C0000188,MTG,A,12AUG2020,,126499.81,126440.49,0.00,0.0647,B008,O0067,30JAN2024
A00000363,C0000188,SAV,D,13JUN2008,,14340.22,14162.42,0.00,0.0357,B038,O0110,25NOV2023
A00000364,C0000189,AUTO,C,03MAY2020,04DEC2023,5939.65,5774.25,0.00,0.0825,B022,O0086,17JAN2024
A00000365,C0000190,SAV,A,31MAR2012,,1181.99,1040.37,0.00,0.0313,B032,O0090,27JAN2024
A00000366,C0000190,CHK,A,20NOV2010,,2758.33,2641.00,0.00,0.0009,B042,O0075,29JAN2024
A00000367,C0000191,SAV,A,21NOV2008,,6881.22,6731.89,0.00,0.0352,B042,O0095,23JAN2024
A00000368,C0000191,CC,A,27FEB2007,,9971.89,28.11,10000.00,0.2138,B043,O0108,24JAN2024
A00000369,C0000192,CC,A,01OCT2023,,988.27,4011.73,5000.00,0.2115,B014,O0031,22JAN2024
A00000370,C0000192,MMA,A,03MAR2017,,152495.62,152412.18,0.00,0.042,B019,O0120,23JAN2024
A00000371,C0000192,CHK,A,13JUN2016,,15024.86,15012.82,0.00,0.0011,B048,O0098,11FEB2023
A00000372,C0000192,SAV,A,20SEP2016,,3060.87,2893.53,0.00,0.0287,B030,O0114,17JAN2024
A00000373,C0000193,CD,A,20SEP2013,,69683.06,69433.62,0.00,0.0487,B048,O0032,23DEC2023
A00000374,C0000193,CHK,A,25JUL2021,,16513.25,16292.41,0.00,0.001,B041,O0092,21JAN2024
A00000375,C0000193,MTG,A,16APR2010,,693543.89,693484.09,0.00,0.0594,B036,O0104,19JAN2024
A00000376,C0000194,CC,A,02OCT2023,,1408.73,1591.27,3000.00,0.2238,B028,O0062,30JAN2024
A00000377,C0000195,CHK,F,15JUN2019,,3368.70,3146.59,0.00,0.001,B046,O0008,18OCT2023
A00000378,C0000195,MTG,A,13SEP2011,,460583.36,460453.14,0.00,0.0713,B002,O0043,22JAN2024
A00000379,C0000195,CHK,A,22OCT2010,,3161.45,2958.32,0.00,0.001,B006,O0011,21JAN2024
A00000380,C0000196,CHK,A,25JAN2016,,6220.21,6135.88,0.00,0.0009,B009,O0045,30JAN2024
A00000381,C0000196,CC,A,14MAR2014,,494.64,1005.36,1500.00,0.2377,B039,O0022,19JAN2024
A00000382,C0000197,SAV,A,03FEB2023,,2241.86,2136.09,0.00,0.0345,B029,O0018,16FEB2023
A00000383,C0000198,LOC,F,24FEB2023,,1371.05,8628.95,10000.00,0.1034,B004,O0060,23JAN2024
A00000384,C0000198,IRA,A,05JUN2018,,32306.46,32197.30,0.00,0.0416,B016,O0073,24DEC2023
A00000385,C0000199,CHK,A,26JUN2016,,4792.37,4614.63,0.00,0.0009,B024,O0091,24NOV2023
A00000386,C0000199,AUTO,A,04APR2014,,31629.68,31469.00,0.00,0.0801,B019,O0094,23JAN2024
A00000387,C0000200,MTG,A,08AUG2013,,374621.30,374382.00,0.00,0.0604,B030,O0111,19DEC2023
A00000388,C0000200,PERS,A,05NOV2016,,32703.81,32582.31,0.00,0.1427,B016,O0072,28NOV2023
A00000389,C0000200,SAV,A,11JUL2012,,12898.10,12886.20,0.00,0.0318,B001,O0042,29JAN2024
A00000390,C0000201,IRA,A,10DEC2023,,34141.32,34058.19,0.00,0.0443,B034,O0051,10DEC2023
A00000391,C0000202,CC,A,05JUL2008,,2039.87,2960.13,5000.00,0.2176,B046,O0013,02JAN2023
A00000392,C0000203,MTG,A,11SEP2018,,488867.00,488815.53,0.00,0.0671,B038,O0102,25JAN2024
A00000393,C0000203,CC,A,10JUN2007,,1377.69,6122.31,7500.00,0.2338,B018,O0048,28APR2023
A00000394,C0000203,CHK,S,13JUN2008,,6286.74,6270.14,0.00,0.001,B037,O0091,22JAN2024
A00000395,C0000204,MTG,A,14FEB2010,,531992.02,531831.76,0.00,0.0742,B037,O0013,12NOV2023
A00000396,C0000204,CD,D,13SEP2007,,74732.42,74688.48,0.00,0.0497,B015,O0013,23JAN2024
A00000397,C0000205,CC,A,20JUL2007,,17186.53,7813.47,25000.00,0.2212,B002,O0099,08JAN2024
A00000398,C0000205,CHK,C,06JUL2010,21NOV2015,4101.50,3901.36,0.00,0.0011,B029,O0111,29JAN2024
A00000399,C0000206,MTG,C,13DEC2016,02DEC2023,668467.17,668282.69,0.00,0.0743,B004,O0025,20JAN2024
A00000400,C0000206,MTG,A,30JAN2010,,91647.13,91520.65,0.00,0.0685,B034,O0108,25JAN2024
A00000401,C0000207,CHK,A,17JUN2014,,1893.20,1742.75,0.00,0.001,B001,O0034,25JAN2024
A00000402,C0000207,CC,A,08NOV2009,,1330.77,3669.23,5000.00,0.2407,B037,O0012,30JAN2024
A00000403,C0000207,CHK,A,26SEP2019,,4303.79,4162.31,0.00,0.0011,B029,O0059,19JAN2024
A00000404,C0000208,CC,A,21JUN2008,,8167.93,6832.07,15000.00,0.217,B040,O0120,31OCT2023
A00000405,C0000208,CC,A,12SEP2008,,2154.98,12845.02,15000.00,0.2216,B032,O0095,18JAN2024
A00000406,C0000209,AUTO,A,23JUN2015,,52369.63,52236.13,0.00,0.077,B027,O0033,18JAN2024
A00000407,C0000209,CC,A,31OCT2016,,4392.62,5607.38,10000.00,0.2246,B045,O0034,06OCT2023
A00000408,C0000209,CHK,A,20JUN2019,,15804.68,15780.51,0.00,0.001,B046,O0030,25JAN2024
A00000409,C0000210,CC,A,03FEB2015,,8725.52,6274.48,15000.00,0.2059,B008,O0029,24JAN2024
A00000410,C0000210,PERS,A,20JUL2021,,28613.38,28364.33,0.00,0.1258,B004,O0003,12NOV2023
A00000411,C0000211,IRA,A,11SEP2008,,3055.82,2815.87,0.00,0.0454,B001,O0079,17JAN2024
A00000412,C0000212,CHK,A,20JUN2007,,2550.14,2538.62,0.00,0.0009,B048,O0082,28JAN2024
A00000413,C0000212,CHK,A,19JUN2016,,5267.99,5260.30,0.00,0.001,B016,O0079,20JAN2024
A00000414,C0000213,CHK,A,29JAN2014,,198.30,0.00,0.00,0.0009,B030,O0050,09JUN2022
A00000415,C0000214,CC,A,16DEC2014,,8202.87,16797.13,25000.00,0.2004,B038,O0084,25JAN2024
A00000416,C0000214,MMA,A,13JUL2009,,138105.29,138094.57,0.00,0.0369,B017,O0115,31JAN2024
A00000417,C0000214,CHK,A,15SEP2014,,4263.44,4057.36,0.00,0.0011,B026,O0084,30NOV2023
A00000418,C0000215,IRA,A,23OCT2021,,18831.36,18715.35,0.00,0.0419,B032,O0027,28JAN2024
A00000419,C0000215,CD,A,17JUN2019,,63148.30,63035.42,0.00,0.0479,B013,O0095,28JAN2024
A00000420,C0000216,CC,A,29SEP2013,,18148.24,6851.76,25000.00,0.228,B009,O0011,27JAN2024
A00000421,C0000216,SAV,A,12JUL2008,,3854.92,3817.25,0.00,0.0316,B015,O0080,13OCT2022
A00000422,C0000217,CHK,A,19AUG2016,,1515.99,1469.32,0.00,0.0011,B045,O0039,03OCT2023
A00000423,C0000218,CC,F,01JUN2009,,2886.08,7113.92,10000.00,0.2157,B040,O0041,23JAN2024
A00000424,C0000218,CHK,A,18APR2011,,832.49,770.82,0.00,0.0011,B027,O0064,31JAN2024
A00000425,C0000219,IRA,A,02JUL2021,,10742.30,10674.95,0.00,0.0403,B025,O0117,30JAN2024
A00000426,C0000219,CC,D,24MAR2008,,7454.97,2545.03,10000.00,0.1995,B041,O0051,04JAN2024
A00000427,C0000219,CHK,A,28SEP2008,,976.87,806.97,0.00,0.001,B014,O0003,20AUG2021
A00000428,C0000219,CHK,A,25JUN2016,,9703.94,9665.52,0.00,0.0009,B010,O0017,05JAN2024
A00000429,C0000220,LOC,A,07DEC2007,,9147.76,40852.24,50000.00,0.1145,B033,O0037,02AUG2023
A00000430,C0000221,MMA,A,15JUN2013,,143580.34,143342.79,0.00,0.04,B042,O0049,17MAY2023
A00000431,C0000222,PERS,A,06MAY2018,,13839.28,13676.83,0.00,0.1393,B002,O0072,18JAN2024
A00000432,C0000222,CHK,A,12FEB2018,,97635.80,97420.43,0.00,0.0009,B019,O0088,17JAN2024
A00000433,C0000223,SAV,A,27DEC2007,,9399.09,9334.17,0.00,0.0325,B043,O0002,29JAN2024
A00000434,C0000223,CHK,A,10JUL2023,,315.25,185.49,0.00,0.0009,B018,O0053,29JAN2024
A00000435,C0000223,PERS,A,03JUL2021,,31665.70,31423.42,0.00,0.1425,B023,O0002,30OCT2023
A00000436,C0000224,CHK,A,21OCT2015,,25913.07,25733.87,0.00,0.0009,B032,O0034,12NOV2023
A00000437,C0000224,CC,A,25APR2022,,119.42,1380.58,1500.00,0.2475,B026,O0071,31JAN2024
A00000438,C0000225,MTG,A,11OCT2013,,352913.13,352697.58,0.00,0.0593,B028,O0031,14JAN2024
A00000439,C0000226,AUTO,A,19JUN2023,,35772.34,35695.77,0.00,0.0807,B015,O0012,27JAN2024
A00000440,C0000226,IRA,A,29SEP2023,,9828.80,9654.68,0.00,0.0415,B036,O0079,25JAN2024
A00000441,C0000226,AUTO,A,17JUL2009,,44413.21,44293.87,0.00,0.0873,B047,O0028,18JAN2024
A00000442,C0000226,PERS,A,07SEP2011,,14563.50,14362.41,0.00,0.1263,B028,O0011,24JAN2024
A00000443,C0000227,AUTO,A,11JUN2014,,50811.60,50805.18,0.00,0.0865,B005,O0024,29JAN2024
A00000444,C0000227,SAV,A,13OCT2021,,8143.07,8009.33,0.00,0.0309,B022,O0094,28JAN2024
A00000445,C0000227,MTG,R,06APR2012,,284649.93,284409.75,0.00,0.0693,B034,O0025,29OCT2022
A00000446,C0000227,CHK,A,13DEC2007,,5676.14,5486.06,0.00,0.001,B017,O0026,04OCT2023
A00000447,C0000228,AUTO,W,18DEC2008,14SEP2015,60878.40,60641.47,0.00,0.074,B029,O0038,26JAN2023
A00000448,C0000228,MTG,A,12AUG2018,,372150.74,372118.07,0.00,0.0661,B011,O0006,30JAN2024
A00000449,C0000229,SAV,A,23SEP2010,,46200.61,46085.37,0.00,0.0305,B020,O0076,28JAN2024
A00000450,C0000229,MTG,A,10DEC2022,,838951.50,838897.88,0.00,0.0616,B005,O0065,22DEC2023
A00000451,C0000230,SAV,A,20AUG2007,,69419.15,69199.60,0.00,0.0291,B011,O0005,30JAN2024
A00000452,C0000230,PERS,A,07APR2017,,9809.69,9751.15,0.00,0.1475,B007,O0092,28JAN2024
A00000453,C0000231,CC,A,10APR2008,,9247.51,5752.49,15000.00,0.2418,B032,O0008,18OCT2023
A00000454,C0000231,SAV,A,08NOV2008,,7777.39,7690.88,0.00,0.0296,B008,O0050,04OCT2023
A00000455,C0000232,SAV,A,09MAY2021,,1321.28,1206.82,0.00,0.0314,B047,O0060,25JAN2024
A00000456,C0000232,PERS,A,08MAR2023,,6277.06,6190.75,0.00,0.153,B016,O0103,31DEC2023
A00000457,C0000233,SAV,A,28SEP2013,,379.81,140.92,0.00,0.0314,B048,O0041,19JAN2024
A00000458,C0000234,CHK,A,24JUN2014,,70941.12,70936.25,0.00,0.001,B048,O0097,30MAY2023
A00000459,C0000234,SAV,A,02OCT2017,,4062.91,3949.52,0.00,0.0352,B042,O0076,07OCT2023
A00000460,C0000235,CC,C,05DEC2011,22JAN2014,383.82,1116.18,1500.00,0.2517,B012,O0117,31JAN2024
A00000461,C0000236,LOC,A,18JUN2022,,4422.32,5577.68,10000.00,0.1285,B038,O0103,02JAN2024
A00000462,C0000236,CHK,A,16APR2016,,42598.31,42558.50,0.00,0.0009,B015,O0075,30JAN2024
A00000463,C0000237,LOC,A,09JAN2016,,104337.23,0.00,100000.00,0.1119,B023,O0073,24JAN2024
A00000464,C0000237,LOC,A,03NOV2014,,20857.43,29142.57,50000.00,0.1106,B027,O0113,24JAN2024
A00000465,C0000238,MMA,A,01MAR2008,,9428.69,9326.70,0.00,0.0362,B009,O0030,11OCT2023
A00000466,C0000238,CHK,A,08DEC2019,,26968.69,26824.57,0.00,0.001,B038,O0095,24JAN2024
A00000467,C0000239,CC,A,30MAR2020,,7136.77,7863.23,15000.00,0.2273,B013,O0109,19JAN2024
A00000468,C0000240,CHK,A,07OCT2007,,7494.19,7346.70,0.00,0.0009,B002,O0094,18JAN2024
A00000469,C0000241,CC,A,13FEB2014,,845.83,2154.17,3000.00,0.2517,B039,O0043,23JAN2024
A00000470,C0000242,CC,D,20JUL2022,,809.23,4190.77,5000.00,0.1982,B011,O0106,23JAN2024
A00000471,C0000242,CD,A,25JUL2015,,22814.15,22695.97,0.00,0.0434,B039,O0014,31JAN2024
A00000472,C0000243,SAV,A,22AUG2021,,27368.40,27343.49,0.00,0.0334,B039,O0063,26JAN2024
A00000473,C0000243,CHK,A,22AUG2013,,22885.21,22697.67,0.00,0.001,B048,O0075,22JAN2024
A00000474,C0000244,CC,A,22FEB2008,,1215.09,1784.91,3000.00,0.2347,B046,O0074,20JAN2024
A00000475,C0000245,CC,A,26SEP2007,,378.52,1121.48,1500.00,0.2015,B032,O0031,08JAN2022
A00000476,C0000245,MTG,A,20APR2012,,90100.90,90036.92,0.00,0.0685,B020,O0077,29JAN2024
A00000477,C0000245,IRA,A,05OCT2017,,76980.41,76934.44,0.00,0.0453,B019,O0035,27SEP2023
A00000478,C0000245,CC,A,05AUG2008,,5913.77,9086.23,15000.00,0.2262,B047,O0046,27JAN2024
A00000479,C0000246,CHK,A,22JUN2008,,487.54,291.55,0.00,0.0009,B020,O0043,24FEB2022
A00000480,C0000246,MTG,A,31OCT2008,,288152.94,288111.41,0.00,0.068,B026,O0048,27NOV2021
A00000481,C0000246,HELC,C,22FEB2014,29MAY2021,4948.20,70051.80,75000.00,0.0939,B011,O0073,30JAN2024
A00000482,C0000247,HELC,F,24MAY2011,,19629.49,230370.51,250000.00,0.091,B008,O0114,27JAN2024
A00000483,C0000248,MTG,A,13NOV2022,,200525.74,200467.49,0.00,0.0677,B021,O0037,31OCT2023
A00000484,C0000248,SAV,A,26JUL2022,,3103.51,3061.52,0.00,0.0363,B028,O0007,26JUL2022
A00000485,C0000249,CHK,A,08MAR2016,,94926.65,94720.91,0.00,0.0009,B045,O0071,11FEB2023
A00000486,C0000249,MMA,A,11APR2021,,-1180.17,0.00,0.00,0.0383,B035,O0067,18JAN2024
A00000487,C0000250,CHK,D,10DEC2011,,2428.81,2390.65,0.00,0.0009,B035,O0072,23OCT2023
