ACCOUNT_ID,PMT_ONTIME_12MO,PMT_LATE_30_12MO,PMT_LATE_60_12MO,PMT_LATE_90_12MO,MAX_DAYS_PAST_DUE_EVER,MONTHS_SINCE_LAST_DPD,AVG_PMT_RATIO_12MO
A00000001,7,5,3,1,91,13,0.6016
A00000004,12,0,0,0,0,,0.9636
A00000005,10,2,0,0,91,34,0.7072
A00000008,9,3,0,0,128,13,0.9542
A00000010,7,5,0,0,185,24,0.2362
A00000011,12,0,0,0,0,,0.8844
A00000012,11,1,0,0,185,7,0.7521
A00000014,12,0,0,0,0,,0.3932
A00000019,11,1,0,0,128,33,0.9240
A00000021,11,1,1,1,31,6,0.7768
A00000023,12,0,0,0,0,,0.7746
A00000024,12,0,0,0,0,,0.6123
A00000026,12,0,0,0,0,,0.5569
A00000028,12,0,0,0,0,,0.3649
A00000033,12,0,0,0,0,,0.4774
A00000035,12,0,0,0,0,,0.5849
A00000036,10,2,0,0,45,9,0.8806
A00000041,12,0,0,0,0,,0.2749
A00000042,11,1,1,0,45,35,0.1083
A00000045,12,0,0,0,0,,0.1569
A00000047,9,3,1,1,128,12,0.9354
A00000049,12,0,0,0,0,,0.3962
A00000050,12,0,0,0,0,,0.4360
A00000052,12,0,0,0,0,,0.2906
A00000053,12,0,0,0,0,,0.7704
A00000054,11,1,0,0,185,33,0.8534
A00000055,12,0,0,0,0,,0.2983
A00000056,11,1,1,1,31,33,0.6713
A00000057,12,0,0,0,0,,0.3274
A00000058,12,0,0,0,0,,0.3972
A00000059,12,0,0,0,0,,0.7852
A00000061,12,0,0,0,0,,0.0695
A00000063,12,0,0,0,0,,0.0785
A00000066,12,0,0,0,0,,0.2633
A00000067,12,0,0,0,0,,0.9892
A00000070,12,0,0,0,0,,0.2900
A00000071,12,0,0,0,0,,0.5342
A00000072,9,3,0,0,128,27,0.7818
A00000076,12,0,0,0,0,,0.1092
A00000078,12,0,0,0,0,,0.4821
A00000079,11,1,1,0,91,29,0.8017
A00000084,11,1,1,0,91,19,0.4279
A00000085,10,2,1,0,31,3,0.3549
A00000088,12,0,0,0,0,,0.1298
A00000089,12,0,0,0,0,,0.7381
A00000091,12,0,0,0,0,,0.0928
A00000092,10,2,1,1,31,34,0.6620
A00000095,12,0,0,0,0,,0.7958
A00000097,7,5,3,2,91,4,0.5853
A00000099,12,0,0,0,0,,0.2306
A00000100,12,0,0,0,0,,0.8164
A00000103,12,0,0,0,0,,0.3427
A00000104,12,0,0,0,0,,0.2615
A00000105,12,0,0,0,0,,0.2699
A00000108,9,3,2,1,31,11,0.3122
A00000109,12,0,0,0,0,,0.9504
A00000110,12,0,0,0,0,,0.9510
A00000111,12,0,0,0,0,,0.5635
A00000112,12,0,0,0,0,,0.2165
A00000116,7,5,2,2,62,8,0.9575
A00000121,11,1,0,0,185,2,0.8988
A00000122,12,0,0,0,0,,0.3122
A00000123,12,0,0,0,0,,0.5021
A00000124,7,5,2,1,45,15,0.4209
A00000126,12,0,0,0,0,,0.9018
A00000129,11,1,1,1,185,26,0.5584
A00000130,12,0,0,0,0,,0.8181
A00000134,12,0,0,0,0,,0.9525
A00000135,7,5,1,0,91,4,0.7227
A00000139,12,0,0,0,0,,0.9911
A00000145,12,0,0,0,0,,0.4087
A00000150,12,0,0,0,0,,0.2205
A00000151,12,0,0,0,0,,0.4753
A00000156,12,0,0,0,0,,0.1252
A00000157,12,0,0,0,0,,0.1717
A00000163,11,1,1,0,45,8,0.6741
A00000167,10,2,0,0,31,12,0.8460
A00000169,12,0,0,0,0,,0.9404
A00000171,12,0,0,0,0,,0.7620
A00000172,12,0,0,0,0,,0.1270
A00000173,12,0,0,0,0,,0.2473
A00000174,11,1,0,0,185,33,0.8230
A00000177,12,0,0,0,0,,0.9270
A00000178,12,0,0,0,0,,0.8125
A00000179,12,0,0,0,0,,0.8403
A00000181,12,0,0,0,0,,0.1471
A00000186,11,1,0,0,62,35,0.8022
A00000187,12,0,0,0,0,,0.8657
A00000188,12,0,0,0,0,,0.9915
A00000190,12,0,0,0,0,,0.7761
A00000192,10,2,0,0,31,23,0.1799
A00000194,11,1,0,0,128,19,0.5405
A00000195,12,0,0,0,0,,0.3354
A00000197,12,0,0,0,0,,0.4054
A00000199,12,0,0,0,0,,0.3668
A00000201,12,0,0,0,0,,0.2115
A00000202,12,0,0,0,0,,0.2970
A00000204,11,1,0,0,45,1,0.4419
A00000205,11,1,1,0,128,15,0.3370
A00000206,12,0,0,0,0,,0.8308
A00000207,7,5,0,0,62,16,0.3430
A00000210,11,1,1,1,185,18,0.6708
A00000212,12,0,0,0,0,,0.5855
A00000213,12,0,0,0,0,,0.7747
A00000214,9,3,0,0,62,22,0.2189
A00000215,12,0,0,0,0,,0.0934
A00000217,11,1,1,0,62,13,0.8666
A00000219,9,3,0,0,128,1,0.6581
A00000220,12,0,0,0,0,,0.2044
A00000221,12,0,0,0,0,,0.6792
A00000222,12,0,0,0,0,,0.4255
A00000224,10,2,1,0,185,24,0.5274
A00000225,12,0,0,0,0,,0.3296
A00000230,12,0,0,0,0,,0.1723
A00000232,12,0,0,0,0,,0.4776
A00000238,12,0,0,0,0,,0.5786
A00000239,10,2,1,1,62,18,0.4857
A00000240,12,0,0,0,0,,0.9174
A00000244,12,0,0,0,0,,0.8178
A00000246,12,0,0,0,0,,0.5076
A00000247,11,1,0,0,185,33,0.3955
A00000248,12,0,0,0,0,,0.6299
A00000250,12,0,0,0,0,,0.4515
A00000251,12,0,0,0,0,,0.2891
A00000252,10,2,0,0,185,11,0.9735
A00000254,12,0,0,0,0,,0.6072
A00000256,12,0,0,0,0,,0.4027
A00000257,12,0,0,0,0,,0.2443
A00000259,12,0,0,0,0,,0.3665
A00000260,12,0,0,0,0,,0.2172
A00000263,11,1,0,0,128,22,0.4848
A00000265,12,0,0,0,0,,0.8311
A00000266,12,0,0,0,0,,0.6882
A00000267,10,2,1,0,31,24,0.8083
A00000269,11,1,0,0,45,28,0.2135
A00000270,12,0,0,0,0,,0.1334
A00000272,11,1,0,0,45,24,0.7488
A00000273,7,5,0,0,185,6,0.8149
A00000274,12,0,0,0,0,,0.3051
A00000275,11,1,0,0,31,31,0.1246
A00000276,7,5,0,0,91,5,0.5854
A00000277,12,0,0,0,0,,0.1924
A00000279,12,0,0,0,0,,0.8703
A00000280,12,0,0,0,0,,0.6266
A00000284,12,0,0,0,0,,0.3093
A00000287,12,0,0,0,0,,0.1329
A00000288,12,0,0,0,0,,0.3375
A00000290,12,0,0,0,0,,0.9767
A00000293,12,0,0,0,0,,0.5573
A00000294,12,0,0,0,0,,0.8061
A00000297,10,2,1,0,45,18,0.7430
A00000298,12,0,0,0,0,,0.3613
A00000300,12,0,0,0,0,,0.1151
A00000301,12,0,0,0,0,,0.2100
A00000304,9,3,0,0,91,32,0.5181
A00000305,12,0,0,0,0,,0.6823
A00000306,10,2,1,0,31,7,0.3385
A00000309,12,0,0,0,0,,0.5967
A00000310,12,0,0,0,0,,0.6007
A00000312,12,0,0,0,0,,0.1413
A00000314,11,1,0,0,45,25,0.3890
A00000315,12,0,0,0,0,,0.7785
A00000322,12,0,0,0,0,,0.3407
A00000323,11,1,0,0,62,16,0.1916
A00000324,12,0,0,0,0,,0.9537
A00000325,11,1,1,0,185,24,0.6282
A00000326,12,0,0,0,0,,0.9975
A00000329,12,0,0,0,0,,0.4461
A00000330,12,0,0,0,0,,0.3145
A00000332,11,1,0,0,185,23,0.3886
A00000333,12,0,0,0,0,,0.3191
A00000335,12,0,0,0,0,,0.7740
A00000337,12,0,0,0,0,,0.1364
A00000339,9,3,1,1,128,11,0.6582
A00000341,12,0,0,0,0,,0.5559
A00000344,10,2,0,0,62,33,0.5974
A00000346,11,1,0,0,185,33,0.3490
A00000348,12,0,0,0,0,,0.2436
A00000349,12,0,0,0,0,,0.0932
A00000350,12,0,0,0,0,,0.8133
A00000351,12,0,0,0,0,,0.1333
A00000352,12,0,0,0,0,,0.8747
A00000355,12,0,0,0,0,,0.2860
A00000358,7,5,2,2,31,2,0.7285
A00000359,12,0,0,0,0,,0.3819
A00000360,11,1,1,0,31,33,0.4692
A00000361,12,0,0,0,0,,0.4169
A00000362,12,0,0,0,0,,0.1051
A00000364,12,0,0,0,0,,0.1522
A00000368,12,0,0,0,0,,0.7849
A00000369,12,0,0,0,0,,0.6371
A00000375,12,0,0,0,0,,0.6035
A00000376,11,1,1,0,62,26,0.5583
A00000378,12,0,0,0,0,,0.8313
A00000381,10,2,0,0,128,10,0.3481
A00000383,12,0,0,0,0,,0.2095
A00000386,11,1,0,0,185,20,0.1071
A00000387,12,0,0,0,0,,0.1744
A00000388,12,0,0,0,0,,0.8873
A00000391,9,3,1,1,185,20,0.6091
A00000392,12,0,0,0,0,,0.7993
A00000393,12,0,0,0,0,,0.5056
A00000395,12,0,0,0,0,,0.6634
A00000397,12,0,0,0,0,,0.8878
A00000399,12,0,0,0,0,,0.9654
A00000400,12,0,0,0,0,,0.0649
A00000402,10,2,0,0,185,25,0.8930
A00000404,12,0,0,0,0,,0.8962
A00000405,12,0,0,0,0,,0.4764
A00000406,12,0,0,0,0,,0.7053
A00000407,12,0,0,0,0,,0.2302
A00000409,12,0,0,0,0,,0.4581
A00000410,11,1,1,0,128,36,0.8235
A00000415,12,0,0,0,0,,0.1258
A00000420,12,0,0,0,0,,0.3985
A00000423,10,2,0,0,185,27,0.4114
A00000426,11,1,1,0,91,33,0.4389
A00000429,11,1,1,0,31,6,0.6666
A00000431,7,5,4,1,31,5,0.6331
A00000435,12,0,0,0,0,,0.2674
A00000437,9,3,2,1,185,9,0.8727
A00000438,12,0,0,0,0,,0.6762
A00000439,11,1,0,0,45,19,0.1612
A00000441,12,0,0,0,0,,0.4868
A00000442,12,0,0,0,0,,0.8303
A00000443,12,0,0,0,0,,0.0925
A00000445,12,0,0,0,0,,0.9415
A00000447,12,0,0,0,0,,0.6349
A00000448,12,0,0,0,0,,0.0865
A00000450,7,5,0,0,185,31,0.4609
A00000452,12,0,0,0,0,,0.6347
A00000453,12,0,0,0,0,,0.9995
A00000456,12,0,0,0,0,,0.4386
A00000460,7,5,4,2,45,20,0.5627
A00000461,12,0,0,0,0,,0.6704
A00000463,12,0,0,0,0,,0.0720
A00000464,7,5,1,0,62,20,0.0878
A00000467,12,0,0,0,0,,0.5349
A00000469,12,0,0,0,0,,0.7790
A00000470,10,2,1,1,91,28,0.6974
A00000474,12,0,0,0,0,,0.4131
A00000475,11,1,0,0,45,7,0.5977
A00000476,12,0,0,0,0,,0.3253
A00000478,12,0,0,0,0,,0.8378
A00000480,12,0,0,0,0,,0.3697
A00000481,10,2,1,1,91,31,0.4364
A00000482,12,0,0,0,0,,0.5045
A00000483,12,0,0,0,0,,0.5066
